"","scorer","team","goals","penalties","first_match","last_match","country_flag"
"1","Birgit Prinz","Germany",159,0,"1995-02-23","2009-09-10","🇩🇪"
"2","Alex Morgan","United States",95,0,"2011-07-13","2021-07-24","🇺🇸"
"3","Vivianne Miedema","Netherlands",91,0,"2017-07-29","2025-07-05","🇳🇱"
"4","Marta","Brazil",85,10,"2003-09-21","2021-07-24","🇧🇷"
"5","Ann Kristin Aarønes","Norway",76,0,"1995-02-26","1999-06-30","🇳🇴"
"6","Marianne Pettersen","Norway",69,0,"1995-06-10","2003-09-27","🇳🇴"
"7","Carli Lloyd","United States",66,2,"2008-08-09","2021-08-05","🇺🇸"
"8","Stina Blackstenius","Sweden",66,0,"2016-08-12","2025-07-17","🇸🇪"
"9","Inka Grings","Germany",65,1,"1999-06-24","2011-07-05","🇩🇪"
"10","Heidi Mohr","Germany",63,0,"1989-07-02","1996-07-21","🇩🇪"
"11","Michelle Akers","United States",61,2,"1991-11-19","1999-07-04","🇺🇸"
"12","Melanie Behringer","Germany",59,2,"2007-09-10","2016-08-16","🇩🇪"
"13","Abby Wambach","United States",58,3,"2003-09-25","2015-06-16","🇺🇸"
"14","Frida Maanum","Norway",57,0,"2022-07-07","2025-07-10","🇳🇴"
"15","Bettina Wiegmann","Germany",56,9,"1991-11-19","2003-09-27","🇩🇪"
"16","Lieke Martens","Netherlands",56,1,"2015-06-06","2023-08-01","🇳🇱"
"17","Renate Lingor","Germany",56,3,"1999-06-24","2007-09-22","🇩🇪"
"18","Sun Wen","China PR",55,2,"1991-11-19","2003-09-21","🇨🇳"
"19","Alexandra Popp","Germany",52,1,"2015-06-07","2023-08-03","🇩🇪"
"20","Megan Rapinoe","United States",51,3,"2011-07-02","2021-08-05","🇺🇸"
"21","Linda Medalen","Norway",50,0,"1989-06-28","1999-06-23","🇳🇴"
"22","Lotta Schelin","Sweden",50,1,"2007-09-18","2017-07-25","🇸🇪"
"23","Sandra Smisek","Germany",50,0,"1999-06-24","2007-09-10","🇩🇪"
"24","Cristiane Rozeira de Souza Silva","Brazil",48,0,"2004-08-17","2008-08-18","🇧🇷"
"25","Lea Schüller","Germany",48,0,"2019-06-22","2025-07-08","🇩🇪"
"26","Christine Sinclair","Canada",46,2,"2003-09-20","2021-07-21","🇨🇦"
"27","Hege Riise","Norway",46,3,"1991-11-19","2000-09-17","🇳🇴"
"28","Alessia Russo","England",45,0,"2022-07-11","2025-07-27","🇬🇧"
"29","Anja Mittag","Germany",45,0,"2005-06-09","2015-06-20","🇩🇪"
"30","Célia Šašić","Germany",45,2,"2011-06-26","2015-06-26","🇩🇪"
"31","Mia Hamm","United States",44,2,"1991-11-17","2004-08-14","🇺🇸"
"32","Cristiane","Brazil",43,1,"2007-09-12","2019-06-13","🇧🇷"
"33","Kerstin Garefrekes","Germany",43,0,"2003-09-20","2011-07-05","🇩🇪"
"34","Eugénie Le Sommer","France",42,2,"2012-08-06","2023-08-08","🇫🇷"
"35","Lena Videkull","Sweden",42,0,"1987-06-14","1996-07-25","🇸🇪"
"36","Beth Mead","England",41,0,"2022-07-06","2025-07-13","🇬🇧"
"37","Barbra Banda","Zambia",40,2,"2021-07-21","2024-07-31","🇿🇲"
"38","Tiffeny Milbrett","United States",40,0,"1995-06-06","2003-10-11","🇺🇸"
"39","Homare Sawa","Japan",39,0,"2003-09-20","2011-07-17","🇯🇵"
"40","Maren Meinert","Germany",39,0,"1993-07-03","2003-10-12","🇩🇪"
"41","Pretinha","Brazil",39,0,"1995-06-07","2007-09-20","🇧🇷"
"42","Ellen White","England",37,0,"2011-07-05","2022-07-11","🇬🇧"
"43","Esther González","Spain",37,0,"2022-07-20","2025-07-11","🇪🇸"
"44","Kosovare Asllani","Sweden",37,2,"2009-08-28","2025-07-17","🇸🇪"
"45","Kristine Lilly","United States",37,0,"1995-06-08","2007-09-22","🇺🇸"
"46","Liu Ailing","China PR",37,0,"1991-11-16","1999-07-04","🇨🇳"
"47","Ramona Bachmann","Switzerland",37,3,"2015-06-12","2024-05-31","🇨🇭"
"48","Sam Kerr","Australia",37,0,"2016-08-06","2023-08-16","🇦🇺"
"49","Dagny Mellgren","Norway",36,0,"1999-06-26","2005-06-19","🇳🇴"
"50","Lara Prašnikar","Slovenia",35,1,"2024-04-05","2024-10-29","🇸🇮"
"51","Rose Lavelle","United States",34,0,"2019-06-11","2021-07-24","🇺🇸"
"52","Fridolina Rolfö","Sweden",33,2,"2019-06-16","2025-07-12","🇸🇪"
"53","Lineth Beerensteyn","Netherlands",33,0,"2019-06-20","2024-06-04","🇳🇱"
"54","Sissi","Brazil",33,0,"1996-07-25","1999-07-01","🇧🇷"
"55","Solveig Gulbrandsen","Norway",33,0,"1999-06-23","2015-06-22","🇳🇴"
"56","Sara Däbritz","Germany",32,1,"2015-06-07","2019-06-22","🇩🇪"
"57","Ada Hegerberg","Norway",30,0,"2013-07-22","2025-07-16","🇳🇴"
"58","Carolina Morace","Italy",30,0,"1984-04-08","1997-07-09","🇮🇹"
"59","Fabienne Humm","Switzerland",30,0,"2015-06-12","2015-06-12","🇨🇭"
"60","Jill Roord","Netherlands",29,0,"2019-06-11","2023-08-06","🇳🇱"
"61","Kadidiatou Diani","France",29,4,"2022-07-14","2025-07-09","🇫🇷"
"62","Klara Bühl","Germany",29,0,"2022-07-12","2024-07-31","🇩🇪"
"63","Martha Thomas","Scotland",29,1,"2024-05-31","2024-10-29","🇬🇧"
"64","Kristin Sandberg","Norway",28,0,"1995-02-26","1995-06-06","🇳🇴"
"65","Marie-Antoinette Katoto","France",28,0,"2022-07-10","2025-07-13","🇫🇷"
"66","Pia Sundhage","Sweden",28,1,"1984-04-08","1995-06-07","🇸🇪"
"67","Ragnhild Gulbrandsen","Norway",28,0,"2000-09-28","2007-09-30","🇳🇴"
"68","Sam Mewis","United States",28,0,"2019-06-11","2021-07-30","🇺🇸"
"69","Anneli Andelén","Sweden",27,0,"1991-11-19","1995-06-09","🇸🇪"
"70","Hanna Ljungberg","Sweden",27,0,"1997-06-29","2005-06-16","🇸🇪"
"71","Marie-Laure Delie","France",27,0,"2011-06-26","2015-06-21","🇫🇷"
"72","Salma Paralluelo","Spain",27,0,"2023-08-11","2024-08-06","🇪🇸"
"73","Victoria Pelova","Netherlands",27,0,"2021-07-21","2025-07-13","🇳🇱"
"74","Carin Jennings-Gabarra","United States",26,0,"1991-11-17","1991-11-27","🇺🇸"
"75","Caroline Graham Hansen","Norway",26,2,"2019-06-17","2025-07-06","🇳🇴"
"76","Jennifer Hermoso","Spain",26,2,"2013-07-12","2023-08-05","🇪🇸"
"77","Conny Pohlers","Germany",25,0,"2003-09-27","2005-06-15","🇩🇪"
"78","Georgia Stanway","England",25,4,"2022-07-11","2025-07-13","🇬🇧"
"79","Lauren Hemp","England",25,0,"2022-07-11","2025-07-13","🇬🇧"
"80","Lindsey Horan","United States",25,0,"2019-06-11","2023-07-27","🇺🇸"
"81","Cristiana Girelli","Italy",24,1,"2017-07-25","2025-07-16","🇮🇹"
"82","Guro Reiten","Norway",24,2,"2019-06-08","2024-10-29","🇳🇴"
"83","Isabell Herlovsen","Norway",24,1,"2005-06-09","2019-06-22","🇳🇴"
"84","Jodie Taylor","England",24,0,"2015-06-27","2019-06-14","🇬🇧"
"85","Martina Müller","Germany",24,0,"2003-09-27","2007-09-26","🇩🇪"
"86","Rebecka Blomqvist","Sweden",24,0,"2023-07-29","2024-10-29","🇸🇪"
"87","Simone Laudehr","Germany",24,0,"2007-09-30","2015-06-07","🇩🇪"
"88","Wendie Renard","France",24,1,"2012-07-28","2024-04-09","🇫🇷"
"89","Aitana Bonmatí","Spain",23,0,"2022-07-08","2025-07-23","🇪🇸"
"90","Alexia Putellas","Spain",23,0,"2013-07-12","2025-07-07","🇪🇸"
"91","Armisa Kuč","Montenegro",23,0,"2024-04-09","2024-07-12","🇲🇪"
"92","Kelly Smith","England",23,0,"2007-09-11","2009-09-10","🇬🇧"
"93","Kátia Cilene Teixeira","Brazil",23,1,"1996-07-23","2003-09-27","🇧🇷"
"94","Lauren James","England",23,0,"2023-07-28","2025-07-09","🇬🇧"
"95","Lisa De Vanna","Australia",23,0,"2004-08-20","2016-08-09","🇦🇺"
"96","Slađana Bulatović","Montenegro",23,4,"2024-04-05","2024-07-16","🇲🇪"
"97","Medina Dešić","Montenegro",22,0,"2024-04-05","2024-06-04","🇲🇪"
"98","Sophie Román Haug","Norway",22,0,"2023-07-30","2024-04-05","🇳🇴"
"99","Diana Silva","Portugal",21,0,"2022-07-13","2024-12-03","🇵🇹"
"100","Hinata Miyazawa","Japan",21,0,"2023-07-22","2023-08-05","🇯🇵"
"101","Marta Vieira da Silva","Brazil",21,0,"2004-08-11","2008-08-18","🇧🇷"
"102","Nilla Fischer","Sweden",21,0,"2008-08-09","2016-08-03","🇸🇪"
"103","Angie Ponce","Switzerland",20,0,"2015-06-12","2015-06-12","🇨🇭"
"104","April Heinrichs","United States",20,0,"1991-11-19","1991-11-27","🇺🇸"
"105","Filippa Angeldal","Sweden",20,1,"2024-10-25","2024-10-29","🇸🇪"
"106","Grace Geyoro","France",20,1,"2022-07-10","2025-07-19","🇫🇷"
"107","Julie Foudy","United States",20,1,"1991-11-24","2003-09-25","🇺🇸"
"108","Kaja Korošec","Slovenia",20,0,"2024-04-09","2024-07-16","🇸🇮"
"109","Kateřina Svitková","Czech Republic",20,1,"2024-07-12","2024-12-03","❓"
"110","Mariona Caldentey","Spain",20,3,"2022-07-08","2025-07-27","🇪🇸"
"111","Tisha Venturini","United States",20,0,"1995-06-06","1999-06-27","🇺🇸"
"112","Špela Kolbl","Slovenia",20,0,"2024-04-09","2024-07-12","🇸🇮"
"113","Alanna Kennedy","Australia",19,0,"2016-08-09","2024-07-31","🇦🇺"
"114","Filippa Angeldahl","Sweden",19,2,"2022-07-17","2025-07-04","🇸🇪"
"115","Gitte Krogh","Denmark",19,1,"1995-06-06","2001-06-28","🇩🇰"
"116","Heather O'Reilly","United States",19,0,"2004-08-23","2011-07-02","🇺🇸"
"117","Lina Hurtig","Sweden",19,0,"2019-06-16","2025-07-12","🇸🇪"
"118","Shanice van de Sanden","Netherlands",19,0,"2017-07-16","2021-07-27","🇳🇱"
"119","Tessa Wullaert","Belgium",19,0,"2017-07-24","2025-07-11","🇧🇪"
"120","Antigoni Papadopoulou","Greece",18,0,"2024-07-12","2024-07-12","🇬🇷"
"121","Gaëlle Enganamouit","Cameroon",18,1,"2015-06-08","2015-06-08","🇨🇲"
"122","Johanna Rytting Kaneryd","Sweden",18,0,"2024-05-31","2024-10-29","🇸🇪"
"123","Kamila Dubcová","Czech Republic",18,1,"2024-05-31","2024-10-25","❓"
"124","Michelle Heyman","Australia",18,0,"2016-08-09","2024-07-28","🇦🇺"
"125","Mio Otani","Japan",18,0,"2003-09-20","2003-09-20","🇯🇵"
"126","Shi Guihong","China PR",18,0,"1995-06-08","1996-07-23","🇨🇳"
"127","Sun Qingmei","China PR",18,0,"1991-11-16","1996-07-28","🇨🇳"
"128","Wang Shuang","China PR",18,3,"2021-07-24","2023-08-01","🇨🇳"
"129","Cindy Parlow Cone","United States",17,0,"1999-06-24","2003-09-25","🇺🇸"
"130","Ella Toone","England",17,0,"2022-07-20","2025-07-13","🇬🇧"
"131","Esmee Brugts","Netherlands",17,0,"2023-08-01","2025-07-05","🇳🇱"
"132","Lise Klaveness","Norway",17,0,"2005-06-12","2007-09-20","🇳🇴"
"133","Racheal Kundananji","Zambia",17,0,"2021-07-24","2024-07-28","🇿🇲"
"134","Signe Gaupset","Norway",17,0,"2024-10-29","2025-07-10","🇳🇴"
"135","Steph Catley","Australia",17,3,"2023-07-20","2024-07-28","🇦🇺"
"136","Tina Svensson","Norway",17,4,"1991-11-21","1995-06-06","🇳🇴"
"137","Daniela Alves Lima","Brazil",16,0,"2003-09-24","2007-09-12","🇧🇷"
"138","Fara Williams","England",16,6,"2005-06-08","2015-07-04","🇬🇧"
"139","Hayley Raso","Australia",16,0,"2023-07-31","2024-07-28","🇦🇺"
"140","Jasna Đoković","Montenegro",16,0,"2024-04-05","2024-06-04","🇲🇪"
"141","Jess Fishlock","Wales",16,0,"2024-04-05","2025-07-09","🇬🇧"
"142","Katie McCabe","Republic of Ireland",16,1,"2023-07-26","2024-10-29","🇮🇪"
"143","Pia Wunderlich","Germany",16,0,"1996-07-25","2004-08-11","🇩🇪"
"144","Rachel Rowe","Wales",16,0,"2024-04-05","2024-04-09","🇬🇧"
"145","Alba Redondo","Spain",15,0,"2023-07-26","2023-08-05","🇪🇸"
"146","Aya Miyama","Japan",15,3,"2007-09-11","2015-07-01","🇯🇵"
"147","Delphine Cascarino","France",15,0,"2022-07-10","2025-07-13","🇫🇷"
"148","Fatmire Bajramaj","Germany",15,0,"2008-08-21","2009-09-07","🇩🇪"
"149","Irene Paredes","Spain",15,0,"2022-07-08","2025-07-07","🇪🇸"
"150","Kyah Simon","Australia",15,0,"2011-07-06","2016-08-09","🇦🇺"
"151","Mallory Pugh","United States",15,0,"2016-08-09","2019-06-11","🇺🇸"
"152","Melissa Tancredi","Canada",15,0,"2007-09-20","2016-08-09","🇨🇦"
"153","Sandra Minnert","Germany",15,0,"1997-07-12","2005-06-12","🇩🇪"
"154","Sophia Smith","United States",15,0,"2023-07-22","2024-08-06","🇺🇸"
"155","Victoria Sandell Svensson","Sweden",15,1,"1997-07-02","2009-09-04","🇸🇪"
"156","Amanda Ilestedt","Sweden",14,0,"2023-07-23","2023-08-11","🇸🇪"
"157","Angela Hucles","United States",14,0,"2008-08-12","2008-08-18","🇺🇸"
"158","Ellen White","Great Britain",14,0,"2021-07-21","2021-07-30","❓"
"159","Ewa Pajor","Poland",14,1,"2024-10-25","2025-07-12","🇵🇱"
"160","Fran Kirby","England",14,0,"2015-06-13","2022-07-26","🇬🇧"
"161","Giulia Gwinn","Germany",14,3,"2019-06-08","2024-08-09","🇩🇪"
"162","Guro Bergsvand","Norway",14,0,"2024-10-25","2024-11-29","🇳🇴"
"163","Helle Jensen","Denmark",14,0,"1991-07-14","1996-07-25","🇩🇰"
"164","Jenni Hermoso","Spain",14,0,"2024-04-05","2024-08-03","🇪🇸"
"165","Jill Scott","England",14,0,"2007-09-17","2019-06-27","🇬🇧"
"166","Joy Fawcett","United States",14,0,"1991-11-24","1999-07-01","🇺🇸"
"167","Linda Ørmen","Norway",14,0,"2003-09-27","2003-09-27","🇳🇴"
"168","Malin Andersson","Sweden",14,3,"1995-03-26","2003-10-01","🇸🇪"
"169","Melanie Leupolz","Germany",14,0,"2015-06-15","2019-06-17","🇩🇪"
"170","Mina Tanaka","Japan",14,0,"2021-07-27","2024-07-31","🇯🇵"
"171","Miraildes Maciel Mota","Brazil",14,0,"2004-08-20","2008-08-18","🇧🇷"
"172","Nina Matejić","Serbia",14,0,"2024-06-04","2024-10-29","🇷🇸"
"173","Sophia Koggouli","Greece",14,0,"2024-06-04","2024-07-12","🇬🇷"
"174","Wei Haiying","China PR",14,0,"1991-11-19","1996-07-28","🇨🇳"
"175","Zhang Ouying","China PR",14,0,"1999-06-23","1999-06-23","🇨🇳"
"176","Élodie Thomis","France",14,0,"2011-06-30","2015-06-21","🇫🇷"
"177","Amalie Vangsgaard","Denmark",13,0,"2023-07-22","2025-07-08","🇩🇰"
"178","Camille Abily","France",13,1,"2009-08-24","2017-07-26","🇫🇷"
"179","Claire Emslie","Scotland",13,0,"2019-06-09","2024-07-12","🇬🇧"
"180","Daniëlle van de Donk","Netherlands",13,0,"2017-08-03","2023-08-01","🇳🇱"
"181","Lucy Bronze","England",13,0,"2015-06-22","2025-07-17","🇬🇧"
"182","Marinette Pichon","France",13,0,"2001-06-28","2005-06-06","🇫🇷"
"183","Nataša Andonova","North Macedonia",13,1,"2024-04-05","2024-07-12","🇲🇰"
"184","Olga Letyushova","Russia",13,0,"1999-06-23","2003-09-25","🇷🇺"
"185","Shinobu Ohno","Japan",13,0,"2008-08-12","2012-08-03","🇯🇵"
"186","Amandine Henry","France",12,0,"2015-06-17","2019-06-23","🇫🇷"
"187","Ary Borges","Brazil",12,0,"2023-07-24","2023-07-24","🇧🇷"
"188","Aurora Galli","Italy",12,0,"2019-06-14","2019-06-25","🇮🇹"
"189","Elise Hughes","Wales",12,0,"2024-04-09","2024-04-09","🇬🇧"
"190","Ella Van Kerkhoven","Belgium",12,0,"2024-10-29","2024-11-29","🇧🇪"
"191","Helen Nilsson","Sweden",12,0,"1991-11-19","1991-11-29","🇸🇪"
"192","Janine Beckie","Canada",12,0,"2016-08-03","2021-07-24","🇨🇦"
"193","Jovana Damnjanović","Serbia",12,0,"2024-04-09","2024-06-04","🇷🇸"
"194","Karen Carney","England",12,0,"2005-06-05","2015-06-17","🇬🇧"
"195","Kayleigh Green","Wales",12,3,"2024-04-09","2024-07-12","🇬🇧"
"196","Lina Magull","Germany",12,0,"2019-06-17","2022-07-31","🇩🇪"
"197","Natalia Padilla","Poland",12,0,"2024-05-31","2025-07-12","🇵🇱"
"198","Patrizia Panico","Italy",12,0,"1997-07-03","2009-09-04","🇮🇹"
"199","Shannon Boxx","United States",12,0,"2003-09-21","2007-09-22","🇺🇸"
"200","Shannon MacMillan","United States",12,0,"1996-07-23","2000-09-20","🇺🇸"
"201","Veatriki Sarri","Greece",12,2,"2024-04-05","2024-07-12","🇬🇷"
"202","Zhao Lihong","China PR",12,0,"1996-07-21","2000-09-14","🇨🇳"
"203","Beatriz Zaneratto João","Brazil",11,0,"2016-08-06","2016-08-19","🇧🇷"
"204","Carole Costa","Portugal",11,3,"2022-07-13","2024-05-31","🇵🇹"
"205","Catalina Usme","Colombia",11,2,"2015-06-13","2024-07-25","🇨🇴"
"206","Christen Press","United States",11,0,"2015-06-08","2021-07-24","🇺🇸"
"207","Eileen Campbell","Austria",11,0,"2024-04-05","2024-07-12","🇦🇹"
"208","Eniola Aluko","England",11,0,"2009-08-28","2013-07-12","🇬🇧"
"209","Gaëtane Thiney","France",11,0,"2009-08-27","2012-07-25","🇫🇷"
"210","Jin Yan","China PR",11,0,"1999-06-19","1999-06-30","🇨🇳"
"211","Mallory Swanson","United States",11,0,"2024-07-25","2024-08-10","🇺🇸"
"212","Melania Gabbiadini","Italy",11,0,"2005-06-12","2013-07-16","🇮🇹"
"213","Nina Kajzba","Slovenia",11,0,"2024-04-09","2024-05-31","🇸🇮"
"214","Sarah Puntigam","Austria",11,4,"2024-04-09","2024-10-29","🇦🇹"
"215","Angélique Roujas","France",10,0,"1997-06-29","1997-07-02","🇫🇷"
"216","Caitlin Foord","Australia",10,0,"2016-08-06","2023-08-07","🇦🇺"
"217","Chloe Kelly","England",10,0,"2022-07-31","2025-07-22","🇬🇧"
"218","Elena Fomina","Russia",10,0,"1999-06-26","2003-09-21","🇷🇺"
"219","Eseosa Aigbogun","Switzerland",10,0,"2015-06-12","2015-06-12","🇨🇭"
"220","Eva Bartoňová","Czech Republic",10,1,"2024-07-12","2024-10-25","❓"
"221","Fan Yunjie","China PR",10,0,"1996-07-23","1999-07-04","🇨🇳"
"222","Gabrielle Onguéné","Cameroon",10,1,"2012-07-31","2019-06-15","🇨🇲"
"223","Hanna Bennison","Sweden",10,0,"2022-07-13","2024-12-03","🇸🇪"
"224","Josefine Öqvist","Sweden",10,0,"2003-10-05","2013-07-21","🇸🇪"
"225","Jule Brand","Germany",10,0,"2024-07-16","2025-07-12","🇩🇪"
"226","Kinga Siklér","Hungary",10,0,"2024-07-12","2024-07-12","🇭🇺"
"227","Lauren Holiday","United States",10,0,"2011-06-28","2015-07-05","🇺🇸"
"228","Linda Sembrant","Sweden",10,0,"2015-06-08","2022-07-22","🇸🇪"
"229","Lisa Dahlkvist","Sweden",10,1,"2011-07-02","2012-07-25","🇸🇪"
"230","Louisa Cadamuro","France",10,1,"2009-08-24","2016-08-09","🇫🇷"
"231","Lucía García","Spain",10,0,"2019-06-08","2024-06-04","🇪🇸"
"232","Martina Moser","Switzerland",10,0,"2015-06-12","2015-06-12","🇨🇭"
"233","Renata Costa","Brazil",10,0,"2007-09-12","2012-07-25","🇧🇷"
"234","Susan Mackensie","Denmark",10,1,"1991-11-17","1993-07-03","🇩🇰"
"235","Sveindís Jane Jónsdóttir","Iceland",10,0,"2024-04-05","2025-07-10","🇮🇸"
"236","Ursula Lohn","Germany",10,0,"1989-07-02","1995-06-07","🇩🇪"
"237","Ana Capeta","Portugal",9,0,"2024-04-09","2024-10-25","🇵🇹"
"238","Andrea Stašková","Czech Republic",9,0,"2024-04-05","2024-10-25","❓"
"239","Andressa Alves","Brazil",9,1,"2016-08-03","2021-07-27","🇧🇷"
"240","Ane Stangeland Horpestad","Norway",9,1,"2007-09-12","2007-09-20","🇳🇴"
"241","Bia Zaneratto","Brazil",9,0,"2021-07-21","2023-07-24","🇧🇷"
"242","Brit Sandaune","Norway",9,0,"1999-06-20","2003-09-27","🇳🇴"
"243","Christine Latham","Canada",9,0,"2003-09-24","2003-09-27","🇨🇦"
"244","Célia Okoyino da Mbabi","Germany",9,0,"2009-09-07","2013-07-14","🇩🇪"
"245","Debinha","Brazil",9,0,"2021-07-21","2023-07-29","🇧🇷"
"246","Dzsenifer Marozsán","Germany",9,1,"2013-07-24","2017-07-25","🇩🇪"
"247","Jin Pyol-hui","North Korea",9,0,"1999-06-24","2003-09-20","🇰🇵"
"248","Kyra Carusa","Republic of Ireland",9,0,"2024-10-25","2024-10-29","🇮🇪"
"249","Laura Georges","France",9,0,"2011-07-05","2012-08-03","🇫🇷"
"250","Linda Bresonik","Germany",9,2,"2009-08-24","2009-08-27","🇩🇪"
"251","Linda Sällström","Finland",9,0,"2009-09-03","2024-10-29","🇫🇮"
"252","Lisa Naalsund","Norway",9,0,"2024-10-29","2024-10-29","🇳🇴"
"253","Lori Chalupny","United States",9,0,"2007-09-18","2008-08-18","🇺🇸"
"254","Riko Ueki","Japan",9,1,"2023-07-22","2023-07-31","🇯🇵"
"255","Silvia Neid","Germany",9,0,"1989-06-28","1995-06-05","🇩🇪"
"256","Steffi Jones","Germany",9,0,"1999-06-27","2005-06-09","🇩🇪"
"257","Tijana Filipović","Serbia",9,0,"2024-04-09","2024-10-29","🇷🇸"
"258","Toni Duggan","England",9,0,"2013-07-15","2017-07-27","🇬🇧"
"259","Vilde Bøe Risa","Norway",9,1,"2024-10-29","2024-10-29","🇳🇴"
"260","Viola Calligaris","Switzerland",9,0,"2024-04-05","2024-07-16","🇨🇭"
"261","Ștefania Vătafu","Romania",9,0,"2024-04-05","2024-06-04","🇷🇴"
"262","Aida Gaistenova","Kazakhstan",8,0,"2024-06-04","2024-06-04","🇰🇿"
"263","Amel Majri","France",8,0,"2016-08-03","2025-07-09","🇫🇷"
"264","Anastasia Spyridonidou","Greece",8,0,"2024-04-09","2024-07-16","🇬🇷"
"265","Andrea Herczeg","Romania",8,0,"2024-04-05","2024-06-04","🇷🇴"
"266","Anna Anvegård","Sweden",8,0,"2021-07-27","2024-12-03","🇸🇪"
"267","Annike Krahn","Germany",8,0,"2007-09-22","2009-08-27","🇩🇪"
"268","Asisat Oshoala","Nigeria",8,0,"2015-06-08","2023-07-27","🇳🇬"
"269","Cidinha","Brazil",8,0,"1999-07-01","1999-07-01","🇧🇷"
"270","Cristiane Rozeira","Brazil",8,0,"2016-08-03","2016-08-06","🇧🇷"
"271","Erin Cuthbert","Scotland",8,0,"2017-07-23","2024-10-29","🇬🇧"
"272","Franny Černá","Czech Republic",8,0,"2024-10-25","2024-10-25","❓"
"273","Helen Johansson","Sweden",8,0,"1984-04-08","1995-02-26","🇸🇪"
"274","Janni Thomsen","Denmark",8,0,"2024-06-04","2025-07-12","🇩🇰"
"275","Julia Zigiotti Olme","Sweden",8,0,"2024-10-29","2024-10-29","🇸🇪"
"276","Karen Farley","England",8,0,"1994-12-11","1995-06-10","🇬🇧"
"277","Karlīna Miksone","Latvia",8,0,"2024-04-05","2024-07-16","🇱🇻"
"278","Leila Schmit","Sweden",8,0,"2024-10-29","2024-10-29","🇸🇪"
"279","Lena Petermann","Germany",8,0,"2015-06-15","2015-06-15","🇩🇪"
"280","Lene Storløkken","Norway",8,0,"2007-09-20","2009-08-30","🇳🇴"
"281","Lúcia Alves","Portugal",8,0,"2024-05-31","2024-05-31","🇵🇹"
"282","Madeleine Ngono Mani","Cameroon",8,0,"2015-06-08","2015-06-16","🇨🇲"
"283","Malin Lundgren","Sweden",8,0,"1991-11-19","1991-11-19","🇸🇪"
"284","Malin Moström","Sweden",8,0,"1999-06-30","2004-08-17","🇸🇪"
"285","Marie Hammarström","Sweden",8,0,"2011-07-16","2013-07-21","🇸🇪"
"286","Mary Fowler","Australia",8,0,"2021-07-30","2023-07-31","🇦🇺"
"287","Mercy Akide","Nigeria",8,0,"1999-06-20","2004-08-20","🇳🇬"
"288","Michaela Khýrová","Czech Republic",8,0,"2024-10-25","2024-10-25","❓"
"289","Mihaela Ciolacu","Romania",8,0,"2024-04-05","2024-07-16","🇷🇴"
"290","Milena Nikolić","Bosnia and Herzegovina",8,0,"2024-05-31","2024-10-29","❓"
"291","Nahomi Kawasumi","Japan",8,0,"2011-07-13","2012-07-25","🇯🇵"
"292","Natalia Barbashina","Russia",8,0,"1999-06-23","2003-09-25","🇷🇺"
"293","Pernille Harder","Denmark",8,1,"2017-08-06","2024-07-12","🇩🇰"
"294","Romée Leuchter","Netherlands",8,0,"2022-07-17","2022-07-17","🇳🇱"
"295","Rosana dos Santos Augusto","Brazil",8,0,"2003-09-24","2011-07-03","🇧🇷"
"296","Sayuri Yamaguchi","Sweden",8,0,"1991-11-19","1991-11-19","🇸🇪"
"297","Ulrika Kalte","Sweden",8,0,"1995-02-26","1995-06-13","🇸🇪"
"298","Zhou Yang","China PR",8,0,"1991-11-21","1995-06-08","🇨🇳"
"299","Ásla Johannesen","Faroe Islands",8,0,"2024-05-31","2024-07-16","🇫🇴"
"300","Agnete Carlsen","Norway",7,0,"1991-11-24","1991-11-27","🇳🇴"
"301","Ana-Maria Crnogorčević","Switzerland",7,0,"2015-06-16","2024-07-16","🇨🇭"
"302","Anastasiya Shlapakova","Belarus",7,0,"2024-04-05","2024-10-25","🇧🇾"
"303","Anne Dot Eggers Nielsen","Denmark",7,0,"1995-06-06","2007-09-12","🇩🇰"
"304","Ariane Hingst","Germany",7,0,"1999-06-24","2000-09-19","🇩🇪"
"305","Cathrine Paaske Sørensen","Denmark",7,0,"2005-06-08","2007-09-15","🇩🇰"
"306","Claudia Müller","Germany",7,0,"2001-06-23","2001-07-07","🇩🇪"
"307","Cristina Carp","Romania",7,0,"2024-04-09","2024-07-12","🇷🇴"
"308","Diana Gomes","Portugal",7,0,"2022-07-09","2025-07-07","🇵🇹"
"309","Elin Rubensson","Sweden",7,2,"2019-06-16","2023-08-02","🇸🇪"
"310","Emi Yamamoto","Japan",7,0,"2003-09-20","2004-08-20","🇯🇵"
"311","Ffion Morgan","Wales",7,0,"2024-04-09","2024-10-25","🇬🇧"
"312","Fortesa Berisha","Albania",7,0,"2024-04-09","2024-06-04","🇦🇱"
"313","Grazielle","Brazil",7,0,"2004-08-17","2004-08-17","🇧🇷"
"314","Heather Garriock","Australia",7,0,"2003-09-25","2007-09-12","🇦🇺"
"315","Heidi Støre","Norway",7,0,"1987-06-11","1997-06-30","🇳🇴"
"316","Ifeanyi Chiejine","United States",7,0,"1999-06-24","1999-06-24","🇺🇸"
"317","Jane Törnqvist","Sweden",7,0,"1999-06-23","2001-06-27","🇸🇪"
"318","Julie-Ann Russell","Republic of Ireland",7,0,"2024-07-12","2024-10-29","🇮🇪"
"319","Karina Olkhovik","Belarus",7,0,"2024-07-12","2024-07-16","🇧🇾"
"320","Katja Snoeijs","Netherlands",7,0,"2023-08-01","2023-08-01","🇳🇱"
"321","Kenza Dali","France",7,0,"2023-08-08","2024-07-25","🇫🇷"
"322","Lauren Wade","Northern Ireland",7,0,"2024-04-09","2024-10-29","🇬🇧"
"323","Luana Bühler","Switzerland",7,0,"2024-04-05","2024-04-09","🇨🇭"
"324","Nea Lehtola","Finland",7,0,"2024-10-29","2024-12-03","🇫🇮"
"325","Randi Leinan","Norway",7,0,"1995-06-10","1995-06-10","🇳🇴"
"326","Rita Nwadike","Nigeria",7,0,"1995-06-08","1999-06-20","🇳🇬"
"327","Sakina Karchaoui","France",7,1,"2024-07-12","2025-07-13","🇫🇷"
"328","Sheila García","Spain",7,0,"2024-04-05","2024-04-05","🇪🇸"
"329","Sherida Spitse","Netherlands",7,2,"2017-07-20","2017-08-06","🇳🇱"
"330","Silvana Burtini","Canada",7,0,"1995-06-08","1999-06-19","🇨🇦"
"331","Sofia Jakobsson","Sweden",7,0,"2012-07-31","2019-07-06","🇸🇪"
"332","Stefanie van der Gragt","Netherlands",7,0,"2019-06-29","2023-08-11","🇳🇱"
"333","Teona Bakradze","Georgia",7,0,"2024-04-05","2024-06-04","🇬🇪"
"334","Teresa Abelleira","Spain",7,0,"2023-07-26","2024-07-16","🇪🇸"
"335","Unni Lehn","Norway",7,0,"1999-06-23","1999-06-23","🇳🇴"
"336","Vicki Bècho","France",7,0,"2023-08-02","2024-07-16","🇫🇷"
"337","Abby Erceg","United States",6,0,"2021-07-24","2021-07-24","🇺🇸"
"338","Aggie Beever-Jones","England",6,0,"2025-07-13","2025-07-13","🇬🇧"
"339","Akemi Noda","Japan",6,0,"1995-06-07","1996-07-21","🇯🇵"
"340","Alayah Pilgrim","Switzerland",6,0,"2024-04-09","2025-07-06","🇨🇭"
"341","Alicia Barker","Norway",6,0,"2023-07-30","2023-07-30","🇳🇴"
"342","Anouschka Bernhard","Germany",6,0,"1995-06-09","1995-06-09","🇩🇪"
"343","Aoife Mannion","Republic of Ireland",6,0,"2024-10-25","2024-10-25","🇮🇪"
"344","Brandi Chastain","United States",6,0,"1999-07-01","2000-09-20","🇺🇸"
"345","C. J. Bott","United States",6,0,"2021-07-24","2021-07-24","🇺🇸"
"346","Cat Whitehill","United States",6,0,"2003-09-28","2003-09-28","🇺🇸"
"347","Charmaine Hooper","Canada",6,1,"1999-06-23","2003-10-02","🇨🇦"
"348","Christine Manie","Cameroon",6,1,"2015-06-08","2015-06-08","🇨🇲"
"349","Clare Polkinghorne","Australia",6,0,"2016-08-09","2016-08-09","🇦🇺"
"350","Clàudia Pina","Spain",6,0,"2025-07-07","2025-07-07","🇪🇸"
"351","Daniela Sabatino","Italy",6,0,"2017-07-25","2017-07-25","🇮🇹"
"352","Emőke Pápai","Hungary",6,0,"2024-06-04","2024-07-12","🇭🇺"
"353","Eunice Chibanda","Germany",6,0,"2016-08-03","2016-08-03","🇩🇪"
"354","Eva González","England",6,0,"2007-09-17","2007-09-17","🇬🇧"
"355","Feriana Ferraguzzi","Italy",6,0,"1989-06-30","1991-11-17","🇮🇹"
"356","Florentina Spânu","Romania",6,0,"2024-07-12","2024-07-16","🇷🇴"
"357","Gillian Coultard","England",6,1,"1995-06-06","1995-06-06","🇬🇧"
"358","Gro Espeseth","Norway",6,0,"1995-06-13","2000-09-28","🇳🇴"
"359","Gunilla Axén","Sweden",6,0,"1987-06-11","1987-06-11","🇸🇪"
"360","Hanane Aït El Haj","Germany",6,0,"2023-07-24","2023-07-24","🇩🇪"
"361","Helena Božić","Montenegro",6,0,"2024-04-05","2024-04-05","🇲🇪"
"362","Hlín Eiríksdóttir","Iceland",6,0,"2024-04-09","2025-07-10","🇮🇸"
"363","Jensa Tórolvsdóttir","Faroe Islands",6,0,"2024-07-12","2024-07-16","🇫🇴"
"364","Jessie Fleming","Canada",6,2,"2019-06-15","2024-07-28","🇨🇦"
"365","Jessie Stapleton","Republic of Ireland",6,0,"2024-10-25","2024-10-25","🇮🇪"
"366","Jordan Nobbs","England",6,0,"2017-07-19","2017-07-19","🇬🇧"
"367","Kara Lang","Canada",6,0,"2003-09-27","2008-08-06","🇨🇦"
"368","Kim Kulig","Germany",6,0,"2009-09-10","2009-09-10","🇩🇪"
"369","Lana Golob","Slovenia",6,0,"2024-05-31","2024-05-31","🇸🇮"
"370","Lilli Purtscheller","Austria",6,0,"2024-04-09","2024-10-25","🇦🇹"
"371","Lindsay Tarpley","United States",6,0,"2004-08-26","2008-08-12","🇺🇸"
"372","Lynn Williams","United States",6,0,"2021-07-30","2024-07-28","🇺🇸"
"373","Léa Le Garrec","France",6,0,"2023-08-02","2023-08-02","🇫🇷"
"374","Malin Swedberg","Sweden",6,0,"1996-07-25","1996-07-25","🇸🇪"
"375","Marissa Sheva","Republic of Ireland",6,0,"2024-10-25","2024-10-25","🇮🇪"
"376","Maëlle Lakrar","France",6,0,"2023-08-02","2023-08-02","🇫🇷"
"377","Miljana Ivanović","Serbia",6,0,"2024-05-31","2024-06-04","🇷🇸"
"378","Ngambo Musole","Australia",6,0,"2024-07-28","2024-07-28","🇦🇺"
"379","Nkiru Okosieme","Nigeria",6,0,"1999-06-24","1999-07-01","🇳🇬"
"380","Orathai Srimanee","Thailand",6,0,"2015-06-11","2015-06-11","🇹🇭"
"381","Rachel Daly","England",6,0,"2023-08-01","2023-08-01","🇬🇧"
"382","Rimantė Jonušaitė","Lithuania",6,0,"2024-04-05","2024-07-12","🇱🇹"
"383","Roksolana Kravchuk","Ukraine",6,0,"2024-07-12","2024-07-16","🇺🇦"
"384","Sara Agrež","Slovenia",6,0,"2024-05-31","2024-05-31","🇸🇮"
"385","Sofia Kongouli","Greece",6,0,"2024-07-16","2024-07-16","🇬🇷"
"386","Tamila Khimich","Ukraine",6,0,"2024-04-05","2024-07-12","🇺🇦"
"387","Thembi Kgatlana","South Africa",6,0,"2019-06-08","2023-08-02","🇿🇦"
"388","Trinity Rodman","United States",6,0,"2024-07-25","2024-08-03","🇺🇸"
"389","Trude Stendal","Norway",6,0,"1987-06-11","1987-06-14","🇳🇴"
"390","Vicky Exley","England",6,1,"2007-09-17","2007-09-17","🇬🇧"
"391","Yūki Nagasato","Japan",6,0,"2007-09-14","2015-07-05","🇯🇵"
"392","Zineb Redouani","Germany",6,0,"2023-07-24","2023-07-24","🇩🇪"
"393","Zsanett Kaján","Hungary",6,0,"2024-07-12","2024-07-16","🇭🇺"
"394","Adaku Okoroafor","Nigeria",5,0,"1995-06-08","1995-06-10","🇳🇬"
"395","Adele Marsiletti","Italy",5,0,"1991-11-17","1991-11-17","🇮🇹"
"396","Ajara Nchout","Cameroon",5,0,"2015-06-12","2019-06-20","🇨🇲"
"397","Alex Greenwood","England",5,1,"2019-06-23","2024-04-09","🇬🇧"
"398","Alina Charlionak","Belarus",5,0,"2024-07-16","2024-07-16","🇧🇾"
"399","Anastasija Poļuhoviča","Latvia",5,0,"2024-04-05","2024-07-12","🇱🇻"
"400","Anastasiya Shuppo","Belarus",5,0,"2024-07-16","2024-07-16","🇧🇾"
"401","Anna Csiki","Hungary",5,0,"2024-07-12","2024-07-12","🇭🇺"
"402","Arianna Caruso","Italy",5,1,"2023-08-02","2025-07-03","🇮🇹"
"403","Athenea del Castillo","Spain",5,0,"2024-07-31","2025-07-11","🇪🇸"
"404","Ayumi Hara","Japan",5,0,"2008-08-12","2008-08-12","🇯🇵"
"405","Barbara Bonansea","Italy",5,0,"2019-06-09","2025-07-22","🇮🇹"
"406","Birthe Hegstad","Norway",5,0,"1991-07-14","1993-07-04","🇳🇴"
"407","Brigitta Gődér","Romania",5,0,"2024-04-05","2024-04-05","🇷🇴"
"408","Camille Catala","France",5,0,"2012-07-28","2012-07-28","🇫🇷"
"409","Carole Costa","Sweden",5,0,"2022-07-17","2022-07-17","🇸🇪"
"410","Caroline Weir","Scotland",5,0,"2017-07-27","2024-10-29","🇬🇧"
"411","Chelsea Cornet","Scotland",5,0,"2024-06-04","2024-06-04","🇬🇧"
"412","Christina Bonde","Denmark",5,0,"1995-06-10","2001-06-28","🇩🇰"
"413","Christina Hansen","Denmark",5,0,"1995-06-06","1995-06-06","🇩🇰"
"414","Cristina Martín-Prieto","Spain",5,0,"2025-07-03","2025-07-03","🇪🇸"
"415","Darya Maniukova","Belarus",5,0,"2024-07-16","2024-07-16","🇧🇾"
"416","Elif Keskin","Turkey",5,0,"2024-07-16","2024-10-25","🇹🇷"
"417","Elisabetta Vignotto","Italy",5,0,"1984-04-08","1989-06-28","🇮🇹"
"418","Emily van Egmond","Australia",5,0,"2011-07-03","2023-07-27","🇦🇺"
"419","Formiga","Brazil",5,0,"2007-09-23","2015-06-09","🇧🇷"
"420","Francielle","Brazil",5,0,"2012-07-25","2012-07-25","🇧🇷"
"421","Gabi Portilho","Brazil",5,0,"2024-08-03","2024-08-06","🇧🇷"
"422","Geri Donnelly","Canada",5,0,"1995-06-06","1995-06-08","🇨🇦"
"423","Gunhild Følstad","Japan",5,0,"2008-08-12","2008-08-12","🇯🇵"
"424","Hannah Wilkinson","New Zealand",5,0,"2011-07-05","2023-07-20","🇳🇿"
"425","Hanne Nissen","Denmark",5,0,"1991-11-19","1993-07-03","🇩🇰"
"426","Irina Grigorieva","Russia",5,0,"1997-07-02","1999-06-26","🇷🇺"
"427","Janice Cayman","Belgium",5,0,"2017-07-20","2025-07-11","🇧🇪"
"428","Jennifer Ruiz","France",5,0,"2015-06-17","2015-06-17","🇫🇷"
"429","Jun Endō","Japan",5,0,"2023-07-22","2023-07-22","🇯🇵"
"430","Jéssica Silva","Portugal",5,0,"2022-07-09","2024-07-16","🇵🇹"
"431","Kassandra Missipo","Belgium",5,0,"2024-10-29","2024-10-29","🇧🇪"
"432","Kelsie Burrows","England",5,0,"2022-07-15","2022-07-15","🇬🇧"
"433","Kirsten van de Ven","Netherlands",5,0,"2009-08-23","2015-06-23","🇳🇱"
"434","Kirsty Hanson","Scotland",5,0,"2024-05-31","2024-07-16","🇬🇧"
"435","Kristin Bengtsson","Sweden",5,0,"1999-06-19","2001-06-27","🇸🇪"
"436","Kristina Hoxhaj","Norway",5,0,"2024-10-25","2024-10-25","🇳🇴"
"437","Laia Codina","Spain",5,0,"2023-08-05","2023-08-05","🇪🇸"
"438","Larisa Savina","Russia",5,0,"1999-06-23","1999-06-23","🇷🇺"
"439","Leicy Santos","Colombia",5,0,"2023-08-12","2024-08-03","🇨🇴"
"440","Li Jie","China PR",5,0,"2007-09-12","2007-09-20","🇨🇳"
"441","Lilli Halttunen","Finland",5,0,"2024-10-29","2024-10-29","🇫🇮"
"442","Manuela Giugliano","Italy",5,0,"2024-06-04","2024-07-16","🇮🇹"
"443","Marit Fiane Grødum","Norway",5,0,"2005-06-12","2005-06-12","🇳🇴"
"444","Maša Tomašević","Montenegro",5,0,"2024-04-09","2024-04-09","🇲🇪"
"445","Merete Pedersen","Denmark",5,0,"1997-07-03","2005-06-08","🇩🇰"
"446","Nadine Riesen","Switzerland",5,0,"2024-04-09","2025-07-02","🇨🇭"
"447","Natalia Karasseva","Russia",5,0,"1999-06-23","1999-06-23","🇷🇺"
"448","Petra Wimbersky","Germany",5,0,"2001-06-30","2004-08-17","🇩🇪"
"449","Qendresa Krasniqi","Albania",5,0,"2024-05-31","2024-06-04","🇦🇱"
"450","Rebecca Smith","New Zealand",5,0,"2011-07-05","2012-07-31","🇳🇿"
"451","Ria Öling","Finland",5,0,"2024-10-29","2024-10-29","🇫🇮"
"452","Sandie Toletti","France",5,0,"2025-07-13","2025-07-13","🇫🇷"
"453","Sara Makovec","Slovenia",5,0,"2024-07-12","2024-07-12","🇸🇮"
"454","Savannah Taylor","Romania",5,0,"2024-04-05","2024-04-05","🇷🇴"
"455","Sophie Schmidt","Canada",5,0,"2007-09-15","2016-08-12","🇨🇦"
"456","Steph Houghton","England",5,0,"2015-06-22","2019-06-23","🇬🇧"
"457","Steph Houghton","Great Britain",5,0,"2012-07-25","2012-07-31","❓"
"458","Sunniva Willemoes Dal Christiansen","Faroe Islands",5,0,"2024-04-09","2024-05-31","🇫🇴"
"459","Tobin Heath","United States",5,0,"2015-07-05","2015-07-05","🇺🇸"
"460","Valeriya Belaya","Belarus",5,0,"2024-07-16","2024-07-16","🇧🇾"
"461","Verónica Boquete","Spain",5,0,"2013-07-12","2015-06-17","🇪🇸"
"462","Vicky López","Spain",5,0,"2025-07-03","2025-07-03","🇪🇸"
"463","Viktorija Panchurova","Slovenia",5,0,"2024-04-09","2024-04-09","🇸🇮"
"464","Vilma Koivisto","Finland",5,0,"2024-10-29","2024-10-29","🇫🇮"
"465","Wang Shanshan","China PR",5,0,"2015-06-15","2021-07-27","🇨🇳"
"466","Yukari Kinga","Japan",5,0,"2008-08-12","2008-08-12","🇯🇵"
"467","Yūki Ōgimi","Japan",5,0,"2012-08-03","2012-08-09","🇯🇵"
"468","Zara Kramžar","Slovenia",5,0,"2024-07-12","2024-07-12","🇸🇮"
"469","Adriana","Brazil",4,0,"2024-08-06","2024-08-06","🇧🇷"
"470","Alberta Sackey","Ghana",4,0,"2003-09-28","2003-09-28","🇬🇭"
"471","Alexandra Burova","Kazakhstan",4,0,"2024-06-04","2024-06-04","🇰🇿"
"472","Amber Hearn","New Zealand",4,1,"2008-08-06","2016-08-06","🇳🇿"
"473","Amy Rodriguez","United States",4,0,"2008-08-12","2008-08-12","🇺🇸"
"474","Ana-Maria Crnogorčević","Netherlands",4,0,"2022-07-17","2022-07-17","🇳🇱"
"475","Anastasija Ročāne","North Macedonia",4,0,"2024-04-05","2024-04-05","🇲🇰"
"476","Anastasija Ćirić","Serbia",4,0,"2024-04-09","2024-04-09","🇷🇸"
"477","Angelika Fehrmann","Germany",4,0,"1989-07-02","1989-07-02","🇩🇪"
"478","Angharad James-Turner","Wales",4,0,"2024-04-05","2024-04-05","🇬🇧"
"479","Ani Safaryan","Armenia",4,0,"2024-04-09","2024-07-12","🇦🇲"
"480","Anita Waage","Norway",4,0,"1995-02-26","1995-02-26","🇳🇴"
"481","Anna Kristīne Gornela","North Macedonia",4,0,"2024-04-05","2024-04-05","🇲🇰"
"482","Anna Patten","Republic of Ireland",4,0,"2024-07-16","2024-12-03","🇮🇪"
"483","Asselkhan Turlybekova","Kazakhstan",4,0,"2024-06-04","2024-06-04","🇰🇿"
"484","Babett Peter","Germany",4,2,"2017-07-21","2017-07-25","🇩🇪"
"485","Birgül Sadıkoğlu","Turkey",4,0,"2024-07-16","2024-07-16","🇹🇷"
"486","Birita Ryan","Faroe Islands",4,0,"2024-05-31","2024-05-31","🇫🇴"
"487","Busem Şeker","Turkey",4,0,"2024-07-16","2024-07-16","🇹🇷"
"488","Carla Overbeck","United States",4,1,"1995-06-10","1995-06-10","🇺🇸"
"489","Carolina Arias","France",4,0,"2016-08-03","2016-08-03","🇫🇷"
"490","Catarina Amado","Portugal",4,0,"2024-05-31","2024-05-31","🇵🇹"
"491","Cecilie Pedersen","Norway",4,0,"2009-08-27","2009-09-04","🇳🇴"
"492","Celin Bizet Ildhusøy","Norway",4,0,"2024-04-05","2024-04-05","🇳🇴"
"493","Cheryl Salisbury","Australia",4,0,"1999-06-26","2007-09-20","🇦🇺"
"494","Chiara Beccari","Italy",4,0,"2024-07-16","2024-07-16","🇮🇹"
"495","Clara Mateo","France",4,0,"2025-07-09","2025-07-09","🇫🇷"
"496","Daniela","Brazil",4,0,"2008-08-09","2008-08-15","🇧🇷"
"497","Daryna Apanashchenko","Ukraine",4,0,"2024-07-12","2024-07-12","🇺🇦"
"498","Debbie Keller","United States",4,0,"1995-06-10","1995-06-10","🇺🇸"
"499","Dolores Silva","Portugal",4,1,"2024-10-29","2024-10-29","🇵🇹"
"500","Elisa Senß","Germany",4,0,"2024-07-31","2024-07-31","🇩🇪"
"501","Elisabeth Terland","Norway",4,0,"2024-04-05","2024-04-05","🇳🇴"
"502","Elissandra Regina Cavalcanti","Brazil",4,0,"1999-07-01","1999-07-01","🇧🇷"
"503","Eva Nyström","Italy",4,0,"2024-07-16","2024-07-16","🇮🇹"
"504","Evelyn Ijeh","Sweden",4,0,"2024-10-25","2024-10-25","🇸🇪"
"505","Eyðvør Klakstein","Faroe Islands",4,0,"2024-07-16","2024-07-16","🇫🇴"
"506","Frederikke Thøgersen","Denmark",4,0,"2024-04-09","2024-04-09","🇩🇰"
"507","Fátima Pinto","Portugal",4,0,"2024-10-29","2024-10-29","🇵🇹"
"508","Genoveva Añonman","Equatorial Guinea",4,0,"2011-07-03","2011-07-03","🇬🇶"
"509","Gentjana Rochi","North Macedonia",4,0,"2024-04-05","2024-04-05","🇲🇰"
"510","Glódís Perla Viggósdóttir","Iceland",4,2,"2024-05-31","2025-07-10","🇮🇸"
"511","Gu Yasha","China PR",4,0,"2008-08-12","2016-08-06","🇨🇳"
"512","Gudrun Gottschlich","Germany",4,0,"1991-11-17","1991-11-17","🇩🇪"
"513","Hildah Magaia","South Africa",4,0,"2023-07-23","2023-08-02","🇿🇦"
"514","Hiromi Ikeda","Norway",4,0,"1999-06-26","1999-06-26","🇳🇴"
"515","Ilaria Mauro","Italy",4,0,"2013-07-13","2017-07-21","🇮🇹"
"516","Irene Paredes","Brazil",4,0,"2024-08-06","2024-08-06","🇧🇷"
"517","Jo Song-ok","North Korea",4,0,"1999-06-20","1999-06-24","🇰🇵"
"518","Julie Blakstad","Norway",4,0,"2022-07-07","2022-07-07","🇳🇴"
"519","Julie Hauge Andersson","Denmark",4,0,"2001-06-28","2001-06-28","🇩🇰"
"520","Kader Hançar","Turkey",4,0,"2024-07-16","2024-07-16","🇹🇷"
"521","Kerolin","Brazil",4,0,"2024-08-06","2024-08-06","🇧🇷"
"522","Kerstin Stegemann","Germany",4,0,"2007-09-26","2008-08-09","🇩🇪"
"523","Kim Song-hui","North Korea",4,0,"2012-07-25","2012-07-25","🇰🇵"
"524","Korina Janež","Slovenia",4,0,"2024-06-04","2024-06-04","🇸🇮"
"525","Kátia Cilene Teixeira da Silva","Brazil",4,0,"2000-09-13","2000-09-19","🇧🇷"
"526","Laura Kalmari","Finland",4,0,"2005-06-05","2005-06-11","🇫🇮"
"527","Laura Österberg Kalmari","Finland",4,0,"2009-08-26","2009-08-26","🇫🇮"
"528","Lena Lattwein","Germany",4,0,"2022-07-08","2022-07-08","🇩🇪"
"529","Lenche Andreevska","North Macedonia",4,0,"2024-06-04","2024-06-04","🇲🇰"
"530","Leslie Osborne","Brazil",4,0,"2007-09-27","2007-09-27","🇧🇷"
"531","Linda Caicedo","Colombia",4,0,"2023-07-25","2023-07-30","🇨🇴"
"532","Louisa Nécib","France",4,1,"2013-07-18","2013-07-22","🇫🇷"
"533","Ma Li","China PR",4,0,"1991-11-16","1991-11-16","🇨🇳"
"534","Madelen Janogy","Sweden",4,0,"2019-06-11","2021-07-27","🇸🇪"
"535","Magdalena Eriksson","Sweden",4,0,"2021-07-30","2024-06-04","🇸🇪"
"536","Mana Iwabuchi","Japan",4,0,"2015-06-27","2021-07-21","🇯🇵"
"537","Maribel Domínguez","Mexico",4,0,"1999-06-19","2011-07-05","🇲🇽"
"538","Martina Franko","Canada",4,0,"2007-09-15","2007-09-15","🇨🇦"
"539","Michela Cambiaghi","Italy",4,0,"2024-07-16","2024-07-16","🇮🇹"
"540","Michelle Agyemang","England",4,0,"2025-07-17","2025-07-22","🇬🇧"
"541","Mirjam Kastelec","Slovenia",4,0,"2024-07-16","2024-07-16","🇸🇮"
"542","Mizuho Sakaguchi","Japan",4,0,"2012-08-06","2015-06-23","🇯🇵"
"543","Mária Mikolajová","Slovakia",4,0,"2024-04-05","2024-10-25","🇸🇰"
"544","Mădălina Bădiceanu","North Macedonia",4,0,"2024-06-04","2024-06-04","🇲🇰"
"545","Nadia Krezyman","Poland",4,0,"2024-10-29","2024-10-29","🇵🇱"
"546","Nadia Nadim","Denmark",4,1,"2017-07-30","2017-08-06","🇩🇰"
"547","Nikita Parris","England",4,1,"2017-07-27","2019-06-09","🇬🇧"
"548","Nina Burger","Austria",4,0,"2017-07-18","2017-07-26","🇦🇹"
"549","Olga Karasseva","Russia",4,0,"1999-06-26","1999-06-26","🇷🇺"
"550","Olha Basanska","Ukraine",4,0,"2024-07-12","2024-07-12","🇺🇦"
"551","Patricia Brocker","Germany",4,0,"1994-12-11","1994-12-11","🇩🇪"
"552","Petra Hoydal","Faroe Islands",4,0,"2024-05-31","2024-05-31","🇫🇴"
"553","Samantha Kerr","Scotland",4,0,"2024-10-29","2024-10-29","🇬🇧"
"554","Sara Stokić","Serbia",4,0,"2024-10-29","2024-10-29","🇷🇸"
"555","Sarah Gregorius","New Zealand",4,0,"2011-07-01","2012-07-31","🇳🇿"
"556","Sarah Walsh","Australia",4,0,"2007-09-12","2007-09-12","🇦🇺"
"557","Signe Bruun","Denmark",4,0,"2024-07-16","2025-07-12","🇩🇰"
"558","Smilla Holmberg","Sweden",4,0,"2025-07-12","2025-07-12","🇸🇪"
"559","Smilla Vallotto","Switzerland",4,1,"2024-04-09","2024-04-09","🇨🇭"
"560","Sofia Eriksson","Sweden",4,0,"2001-06-27","2001-06-27","🇸🇪"
"561","Sofie Svava","Denmark",4,0,"2024-04-09","2024-04-09","🇩🇰"
"562","Sonia Bompastor","France",4,1,"2009-08-24","2011-07-13","🇫🇷"
"563","Stefanie Gottschlich","Germany",4,0,"2003-09-20","2003-09-20","🇩🇪"
"564","Stéphanie Mugneret-Béghé","France",4,0,"2001-06-28","2005-06-09","🇫🇷"
"565","Tatiana Pinto","Portugal",4,0,"2024-10-25","2024-10-25","🇵🇹"
"566","Terry McCahill","Norway",4,0,"1991-11-19","1991-11-19","🇳🇴"
"567","Thea Bjelde","Norway",4,0,"2024-04-05","2024-04-05","🇳🇴"
"568","Trine Rønning","Norway",4,0,"2015-06-07","2015-06-07","🇳🇴"
"569","Trine Tangeraas","Norway",4,0,"1996-07-25","1996-07-25","🇳🇴"
"570","Tuva Hansen","Norway",4,0,"2024-11-29","2024-11-29","🇳🇴"
"571","Tyla-Jay Vlajnic","Serbia",4,0,"2024-06-04","2024-06-04","🇷🇸"
"572","Tórunn Joensen","Faroe Islands",4,0,"2024-07-16","2024-07-16","🇫🇴"
"573","Valentina Giacinti","Italy",4,0,"2019-06-25","2024-04-05","🇮🇹"
"574","Valérie Gauvin","France",4,0,"2019-06-12","2019-06-23","🇫🇷"
"575","Wiktoria Zieniewicz","Germany",4,0,"2024-05-31","2024-05-31","🇩🇪"
"576","Wu Weiying","China PR",4,0,"1991-11-21","1991-11-21","🇨🇳"
"577","Yuika Sugasawa","Japan",4,1,"2015-06-12","2019-06-14","🇯🇵"
"578","Adriana Leon","Canada",3,0,"2021-07-27","2023-07-26","🇨🇦"
"579","Aleksandra Yaneva","Bulgaria",3,0,"2024-07-12","2024-07-12","🇧🇬"
"580","Alexandra Jóhannsdóttir","Iceland",3,0,"2024-07-12","2024-07-12","🇮🇸"
"581","Amanda Barr","England",3,0,"2005-06-05","2005-06-05","🇬🇧"
"582","Amy Thompson","Luxembourg",3,0,"2024-04-05","2024-07-16","🇱🇺"
"583","Anastasia Gkatsou","Greece",3,0,"2024-04-09","2024-04-09","🇬🇷"
"584","Anastasia Shuppo","Belarus",3,1,"2024-04-05","2024-04-05","🇧🇾"
"585","Anette Börjesson","Sweden",3,0,"1987-06-11","1987-06-11","🇸🇪"
"586","Ange N'Guessan","Ivory Coast",3,0,"2015-06-11","2015-06-15","❓"
"587","Anna Kozyupa","Belarus",3,0,"2024-04-09","2024-04-09","🇧🇾"
"588","Anna Pilipenko","Belarus",3,0,"2024-04-09","2024-04-09","🇧🇾"
"589","Annabel Schasching","Austria",3,0,"2024-07-12","2024-07-12","🇦🇹"
"590","Anneli Giske","Norway",3,0,"2009-09-04","2009-09-04","🇳🇴"
"591","Annica Sjölund","Finland",3,0,"2009-09-03","2013-07-16","🇫🇮"
"592","Aoba Fujino","Japan",3,0,"2023-07-26","2024-07-25","🇯🇵"
"593","Barbara Dunst","Austria",3,0,"2024-10-25","2024-10-25","🇦🇹"
"594","Benedetta Orsi","South Africa",3,0,"2023-08-02","2023-08-02","🇿🇦"
"595","Bi Yan","China PR",3,0,"2007-09-12","2007-09-12","🇨🇳"
"596","Bruna Vilamala","Spain",3,0,"2024-06-04","2024-06-04","🇪🇸"
"597","Candace Chapman","Canada",3,0,"2007-09-12","2008-08-06","🇨🇦"
"598","Carmen Marcu","Romania",3,0,"2024-07-16","2024-07-16","🇷🇴"
"599","Carolina Mendes","Portugal",3,0,"2017-07-23","2017-07-27","🇵🇹"
"600","Carolina Țabur","Moldova",3,0,"2024-05-31","2024-06-04","🇲🇩"
"601","Caroline Seger","Sweden",3,0,"2009-08-25","2009-08-25","🇸🇪"
"602","Casey Stoney","Great Britain",3,0,"2012-07-28","2012-07-28","❓"
"603","Celina Degen","Austria",3,0,"2024-07-12","2024-07-12","🇦🇹"
"604","Charlotte Rohlin","Sweden",3,0,"2009-08-25","2009-08-25","🇸🇪"
"605","Chloe Logarzo","Australia",3,0,"2019-06-13","2019-06-13","🇦🇺"
"606","Cho So-hyun","South Korea",3,0,"2015-06-17","2023-08-03","🇰🇷"
"607","Cécile Locatelli","Sweden",3,0,"1997-07-05","1997-07-05","🇸🇪"
"608","Damaris Egurrola","Netherlands",3,0,"2022-07-13","2022-07-13","🇳🇱"
"609","Delma Gonçalves","Brazil",3,0,"2000-09-13","2004-08-26","🇧🇷"
"610","Denise O'Sullivan","Republic of Ireland",3,0,"2024-07-16","2024-07-16","🇮🇪"
"611","Desire Oparanozie","Sweden",3,0,"2015-06-08","2015-06-08","🇸🇪"
"612","Diljá Ýr Zomers","Iceland",3,0,"2024-04-05","2024-04-05","🇮🇸"
"613","Dominique Bloodworth","Netherlands",3,0,"2019-06-15","2019-06-15","🇳🇱"
"614","Dominique Janssen","Netherlands",3,0,"2021-07-24","2021-07-24","🇳🇱"
"615","Doris Uusitalo","Sweden",3,0,"1984-04-08","1984-04-08","🇸🇪"
"616","Ece Türkoğlu","Turkey",3,0,"2024-04-05","2024-04-09","🇹🇷"
"617","Elena Danilova","Russia",3,0,"2003-10-02","2017-07-17","🇷🇺"
"618","Elena Morozova","Russia",3,0,"2013-07-12","2017-07-17","🇷🇺"
"619","Elisa Camporese","Italy",3,0,"2005-06-12","2005-06-12","🇮🇹"
"620","Emily Gielnik","Australia",3,0,"2021-08-05","2021-08-05","🇦🇺"
"621","Emmanuelle Sykora","Norway",3,0,"2001-06-25","2001-06-25","🇳🇴"
"622","Eriko Arakawa","Japan",3,0,"2004-08-11","2008-08-18","🇯🇵"
"623","Florencia Bonsegundo","Argentina",3,1,"2019-06-19","2019-06-19","🇦🇷"
"624","Francisca Nazareth","Portugal",3,0,"2023-07-27","2024-11-29","🇵🇹"
"625","Francisca Ordega","Nigeria",3,0,"2015-06-08","2015-06-08","🇳🇬"
"626","Gaëlle Blouin","France",3,0,"2001-06-28","2001-06-28","🇫🇷"
"627","Gloria Slišković","Portugal",3,0,"2024-04-05","2024-04-05","🇵🇹"
"628","Géraldine Reuteler","Switzerland",3,0,"2022-07-17","2025-07-06","🇨🇭"
"629","Hannah Cain","Wales",3,1,"2024-12-03","2025-07-13","🇬🇧"
"630","Hikaru Kitagawa","Japan",3,0,"2024-07-31","2024-07-31","🇯🇵"
"631","Hoda Lattaf","France",3,0,"2005-06-06","2005-06-06","🇫🇷"
"632","Ingibjörg Sigurðardóttir","Iceland",3,0,"2024-07-12","2024-07-12","🇮🇸"
"633","Ingrid Syrstad Engen","Japan",3,0,"2023-08-05","2023-08-05","🇯🇵"
"634","Irene Paredes","Norway",3,0,"2013-07-22","2013-07-22","🇳🇴"
"635","Ivana Rudelić","Croatia",3,0,"2024-05-31","2024-06-04","🇭🇷"
"636","Janice Cayman","Denmark",3,0,"2024-07-12","2024-07-12","🇩🇰"
"637","Jen Beattie","Scotland",3,0,"2019-06-19","2019-06-19","🇬🇧"
"638","Jill Scott","Great Britain",3,0,"2012-07-28","2012-07-28","❓"
"639","Johanna Rasmussen","Denmark",3,0,"2005-06-05","2013-07-22","🇩🇰"
"640","Josefine Hasbo","Denmark",3,0,"2024-04-05","2024-04-05","🇩🇰"
"641","Julie Ertz","United States",3,0,"2019-06-16","2019-06-16","🇺🇸"
"642","Justine Vanhaevermaet","Belgium",3,1,"2022-07-10","2025-07-07","🇧🇪"
"643","Jutta Rantala","Finland",3,0,"2024-04-09","2024-06-04","🇫🇮"
"644","Karen Walker","England",3,0,"1995-06-10","1995-06-10","🇬🇧"
"645","Kerry Davis","England",3,1,"1987-06-11","1987-06-13","🇬🇧"
"646","Kim Kum-sil","North Korea",3,0,"1999-06-24","1999-06-24","🇰🇵"
"647","Kim Kyong-hwa","North Korea",3,0,"2007-09-14","2008-08-06","🇰🇵"
"648","Kim Little","Scotland",3,0,"2019-06-19","2019-06-19","🇬🇧"
"649","Kristiana Karaivanova","Bulgaria",3,0,"2024-07-12","2024-07-12","🇧🇬"
"650","Kristin Jonsson","Sweden",3,0,"1997-07-05","1997-07-05","🇸🇪"
"651","Ksenia Kubichnaya","Belarus",3,0,"2024-04-05","2024-04-05","🇧🇾"
"652","Lady Andrade","Colombia",3,0,"2015-06-13","2015-06-17","🇨🇴"
"653","Lara Kazanchian","Armenia",3,0,"2024-04-09","2024-04-09","🇦🇲"
"654","Lee Alexander","Argentina",3,0,"2019-06-19","2019-06-19","🇦🇷"
"655","Leena Khamis","Australia",3,0,"2011-07-03","2011-07-03","🇦🇺"
"656","Lena Lotzen","Germany",3,0,"2013-07-14","2013-07-14","🇩🇪"
"657","Lena Oberdorf","Germany",3,0,"2024-04-09","2024-04-09","🇩🇪"
"658","Linda Curl","England",3,0,"1984-04-08","1984-05-27","🇬🇧"
"659","Lineth Cedeño","Panama",3,0,"2023-08-02","2023-08-02","🇵🇦"
"660","Lisa-Marie Karlseng Utland","Norway",3,0,"2019-06-08","2019-06-08","🇳🇴"
"661","Liu Ying","China PR",3,0,"1999-06-26","1999-06-26","🇨🇳"
"662","Lora Petrova","Bulgaria",3,0,"2024-07-12","2024-07-12","🇧🇬"
"663","Ludmila","Brazil",3,0,"2021-07-24","2021-07-24","🇧🇷"
"664","Lushomo Mweemba","Zambia",3,0,"2023-07-31","2023-07-31","🇿🇲"
"665","Lyubov Shmatko","Ukraine",3,0,"2024-10-29","2024-12-03","🇺🇦"
"666","Maika Hamano","Japan",3,0,"2024-07-31","2024-07-31","🇯🇵"
"667","Maral Artin","Armenia",3,1,"2024-05-31","2024-06-04","🇦🇲"
"668","Marieanne Spacey","England",3,1,"1995-06-06","1995-06-06","🇬🇧"
"669","Marina Hegering","Germany",3,0,"2024-07-25","2024-07-25","🇩🇪"
"670","Marina Saenko","Russia",3,0,"2003-09-25","2003-09-25","🇷🇺"
"671","Marta Cox","Panama",3,0,"2023-08-02","2023-08-02","🇵🇦"
"672","Martina Voss-Tecklenburg","Germany",3,0,"1995-06-13","1995-06-13","🇩🇪"
"673","Martina Šurnovská","Slovakia",3,0,"2024-05-31","2024-10-25","🇸🇰"
"674","Martyna Wiankowska","Poland",3,0,"2025-07-12","2025-07-12","🇵🇱"
"675","María Méndez","Spain",3,0,"2024-04-09","2024-04-09","🇪🇸"
"676","Maycon","Brazil",3,0,"1999-06-27","1999-06-27","🇧🇷"
"677","Małgorzata Mesjasz","Iceland",3,0,"2024-04-05","2024-04-05","🇮🇸"
"678","Megan Bell","Northern Ireland",3,0,"2024-04-09","2024-04-09","🇬🇧"
"679","Megi Doçi","Albania",3,1,"2024-06-04","2024-06-04","🇦🇱"
"680","Melissa Herrera","Costa Rica",3,0,"2015-06-13","2023-07-31","🇨🇷"
"681","Melissa Wiik","Norway",3,0,"2008-08-06","2008-08-09","🇳🇴"
"682","Meriame Terchoun","Switzerland",3,0,"2024-07-16","2024-07-16","🇨🇭"
"683","Milagros Menéndez","Argentina",3,0,"2019-06-19","2019-06-19","🇦🇷"
"684","Millie Bright","Netherlands",3,0,"2017-08-03","2017-08-03","🇳🇱"
"685","Monica Knudsen","Norway",3,0,"2001-06-25","2001-06-25","🇳🇴"
"686","Mônica","Australia",3,0,"2019-06-13","2019-06-13","🇦🇺"
"687","Mônica","Brazil",3,0,"2016-08-03","2016-08-03","🇧🇷"
"688","Ngozi Okobi-Okeoghene","Nigeria",3,0,"2015-06-08","2015-06-08","🇳🇬"
"689","Nicole Anyomi","Germany",3,0,"2022-07-16","2022-07-16","🇩🇪"
"690","Nkechi Egbe","Nigeria",3,0,"1999-07-01","1999-07-01","🇳🇬"
"691","Olga Carmona","Spain",3,0,"2023-08-15","2023-08-20","🇪🇸"
"692","Olga Iordăchiuși","Romania",3,0,"2024-07-12","2024-07-12","🇷🇴"
"693","Osinachi Ohale","Nigeria",3,0,"2023-07-27","2023-07-27","🇳🇬"
"694","Osinachi Ohale","Norway",3,0,"2019-06-08","2019-06-08","🇳🇴"
"695","Patience Avre","Nigeria",3,0,"1995-06-08","1995-06-08","🇳🇬"
"696","Patricia Guijarro","Spain",3,0,"2025-07-11","2025-07-11","🇪🇸"
"697","Perpetua Nkwocha","Nigeria",3,1,"2000-09-14","2011-07-05","🇳🇬"
"698","Prisca Emeafu","Nigeria",3,0,"1999-07-01","1999-07-01","🇳🇬"
"699","Raffaella Manieri","Sweden",3,0,"2013-07-16","2013-07-16","🇸🇪"
"700","Raquel","Brazil",3,0,"2000-09-16","2000-09-19","🇧🇷"
"701","Ri Kum-suk","North Korea",3,0,"2007-09-14","2008-08-09","🇰🇵"
"702","Ri Un-gyong","North Korea",3,0,"2003-09-20","2003-09-20","🇰🇵"
"703","Risa Shimizu","Japan",3,0,"2023-08-05","2023-08-05","🇯🇵"
"704","Rita Guarino","Italy",3,0,"1991-11-24","2001-06-28","🇮🇹"
"705","Sanna Valkonen","England",3,0,"2005-06-05","2005-06-05","🇬🇧"
"706","Sanne Troelsgaard Nielsen","Denmark",3,0,"2017-07-16","2023-08-01","🇩🇰"
"707","Sara Holmgaard","Denmark",3,0,"2024-07-12","2024-07-12","🇩🇰"
"708","Sarah Zadrazil","Austria",3,0,"2017-07-26","2017-07-26","🇦🇹"
"709","Silvia Fiorini","Italy",3,0,"1991-07-14","1997-07-09","🇮🇹"
"710","Simone Magill","Northern Ireland",3,0,"2024-04-09","2024-04-09","🇬🇧"
"711","Sissel Grude","Norway",3,0,"1989-06-28","1989-07-02","🇳🇴"
"712","Sissy Raith","Germany",3,0,"1991-07-11","1991-07-11","🇩🇪"
"713","Sjoeke Nüsken","Germany",3,1,"2025-07-08","2025-07-19","🇩🇪"
"714","Song Xiaoli","China PR",3,0,"2007-09-12","2007-09-12","🇨🇳"
"715","Sophia Kleinherne","Germany",3,0,"2022-07-16","2022-07-16","🇩🇪"
"716","Sophie Ingle","Wales",3,0,"2024-07-12","2024-07-12","🇬🇧"
"717","Stefanie Enzinger","Austria",3,0,"2017-07-26","2017-07-26","🇦🇹"
"718","Stephanie Ribeiro","Portugal",3,0,"2024-07-16","2024-07-16","🇵🇹"
"719","Stina Segerström","Norway",3,0,"2009-09-04","2009-09-04","🇳🇴"
"720","Stine Ballisager Pedersen","Denmark",3,0,"2024-04-05","2024-04-05","🇩🇰"
"721","Sunni Hughes","Australia",3,0,"1995-06-08","2000-09-19","🇦🇺"
"722","Synne Jensen","Norway",3,0,"2024-12-03","2024-12-03","🇳🇴"
"723","Telma Encarnação","Portugal",3,0,"2023-07-27","2025-07-11","🇵🇹"
"724","Thanatta Chawong","Thailand",3,0,"2015-06-11","2015-06-11","🇹🇭"
"725","Therese Sjögran","Sweden",3,0,"2011-07-10","2011-07-10","🇸🇪"
"726","Tine De Caigny","Belgium",3,0,"2022-07-18","2024-05-31","🇧🇪"
"727","Trine Rønning","Germany",3,0,"2007-09-26","2007-09-26","🇩🇪"
"728","Uchenna Kanu","Nigeria",3,0,"2023-07-27","2023-07-27","🇳🇬"
"729","Valeria del Campo","Spain",3,0,"2023-07-21","2023-07-21","🇪🇸"
"730","Vanessa Gilles","Canada",3,0,"2024-07-28","2024-07-31","🇨🇦"
"731","Veronika Asatryan","Armenia",3,0,"2024-04-09","2024-04-09","🇦🇲"
"732","Vicky Losada","Spain",3,0,"2015-06-09","2017-07-19","🇪🇸"
"733","Wang Liping","China PR",3,0,"1995-06-06","1995-06-06","🇨🇳"
"734","Wang Lisi","China PR",3,1,"2015-06-11","2015-06-15","🇨🇳"
"735","Wendy Gebauer","United States",3,0,"1991-11-21","1991-11-21","🇺🇸"
"736","Xu Yuan","China PR",3,0,"2008-08-06","2008-08-09","🇨🇳"
"737","Yomira Pinzón","Panama",3,1,"2023-08-02","2023-08-02","🇵🇦"
"738","Ysis Sonkeng","New Zealand",3,0,"2012-07-31","2012-07-31","🇳🇿"
"739","Yumi Tomei","Germany",3,0,"1996-07-21","1996-07-21","🇩🇪"
"740","Érika","Brazil",3,0,"2011-07-06","2011-07-06","🇧🇷"
"741","Adjoa Bayor","Ghana",2,0,"2007-09-20","2007-09-20","🇬🇭"
"742","Agnese Bonfantini","Italy",2,0,"2024-04-05","2024-04-05","🇮🇹"
"743","Alessia Tuttino","Italy",2,0,"2009-08-25","2009-08-25","🇮🇹"
"744","Alisha Lehmann","Switzerland",2,0,"2024-05-31","2024-05-31","🇨🇭"
"745","Amanda Sampedro","Spain",2,0,"2017-07-19","2017-07-19","🇪🇸"
"746","Amy LePeilbet","Sweden",2,0,"2011-07-06","2011-07-06","🇸🇪"
"747","Ana Cristina Oliveira Leite","Portugal",2,0,"2017-07-23","2017-07-23","🇵🇹"
"748","Ana Maria Marković","Croatia",2,0,"2024-06-04","2024-06-04","🇭🇷"
"749","Anastasija Čemirtāne","Latvia",2,0,"2024-07-16","2024-07-16","🇱🇻"
"750","Andrea Bogorová","Slovakia",2,0,"2024-07-16","2024-07-16","🇸🇰"
"751","Andreia Norton","Portugal",2,0,"2024-06-04","2024-06-04","🇵🇹"
"752","Angela Iannotta","Australia",2,0,"1995-06-08","1995-06-08","🇦🇺"
"753","Anita Rapp","Norway",2,0,"2003-09-20","2003-09-20","🇳🇴"
"754","Anna Dallakyan","Armenia",2,0,"2024-05-31","2024-05-31","🇦🇲"
"755","Anna Petryk","Ukraine",2,1,"2024-04-05","2024-04-05","🇺🇦"
"756","Anna Pohjanen","Sweden",2,0,"1997-06-29","1997-06-29","🇸🇪"
"757","Anna-Kaisa Rantanen","Finland",2,0,"2005-06-05","2005-06-05","🇫🇮"
"758","Anouk Dekker","Netherlands",2,0,"2019-06-20","2019-06-20","🇳🇱"
"759","Aya Sameshima","Japan",2,0,"2015-06-12","2015-06-12","🇯🇵"
"760","Bai Jie","China PR",2,0,"2003-09-25","2003-09-28","🇨🇳"
"761","Brandi Chastain","Germany",2,0,"1999-07-01","1999-07-01","🇩🇪"
"762","Britta Unsleber","Germany",2,0,"1991-11-21","1991-11-21","🇩🇪"
"763","Camilla Sand","Denmark",2,0,"2009-08-26","2009-08-26","🇩🇰"
"764","Carrie Jones","Wales",2,0,"2024-12-03","2024-12-03","🇬🇧"
"765","Ceri Holland","Wales",2,0,"2024-10-29","2024-10-29","🇬🇧"
"766","Charlotte Schmit","Luxembourg",2,0,"2024-04-05","2024-04-05","🇱🇺"
"767","Chou Tai-ying","Taiwan",2,0,"1991-11-21","1991-11-21","🇹🇼"
"768","Cloé Lacasse","Canada",2,0,"2024-07-25","2024-07-25","🇨🇦"
"769","Collette McCallum","Australia",2,0,"2007-09-20","2007-09-20","🇦🇺"
"770","Coumba Sow","Switzerland",2,0,"2022-07-09","2022-07-09","🇨🇭"
"771","Crystal Dunn","United States",2,0,"2016-08-09","2016-08-09","🇺🇸"
"772","Dagný Brynjarsdóttir","Iceland",2,1,"2013-07-17","2022-07-18","🇮🇸"
"773","Daiane Rodrigues","United States",2,0,"2011-07-10","2011-07-10","🇺🇸"
"774","Daryna Apanaschenko","Ukraine",2,0,"2009-08-26","2024-10-25","🇺🇦"
"775","Deanne Rose","Canada",2,0,"2016-08-19","2016-08-19","🇨🇦"
"776","Dianne Alagich","Russia",2,0,"2003-09-21","2003-09-21","🇷🇺"
"777","Duda Sampaio","Spain",2,0,"2024-08-06","2024-08-06","🇪🇸"
"778","Eda Karataş","Ukraine",2,0,"2024-10-29","2024-10-29","🇺🇦"
"779","Eden Avital","Israel",2,0,"2024-04-09","2024-04-09","🇮🇱"
"780","Elena Linari","Finland",2,0,"2024-04-09","2024-04-09","🇫🇮"
"781","Eleni Markou","Greece",2,0,"2024-05-31","2024-05-31","🇬🇷"
"782","Elisabeth Deighan","England",2,0,"1984-04-08","1984-04-08","🇬🇧"
"783","Elke Van Gorp","Belgium",2,0,"2017-07-20","2017-07-20","🇧🇪"
"784","Emina Ekic","Bosnia and Herzegovina",2,0,"2024-10-25","2024-10-25","❓"
"785","Emma Lipman","Northern Ireland",2,0,"2024-07-12","2024-07-12","🇬🇧"
"786","Eva Nyström","Norway",2,0,"2025-07-06","2025-07-06","🇳🇴"
"787","Evdokiya Popadinova","Bulgaria",2,1,"2024-04-09","2024-04-09","🇧🇬"
"788","Evelyne Viens","Canada",2,0,"2024-07-25","2024-07-25","🇨🇦"
"789","Florence Okoe","Ghana",2,1,"2007-09-20","2007-09-20","🇬🇭"
"790","Florencia Quiñones","China PR",2,0,"2008-08-12","2008-08-12","🇨🇳"
"791","Françoise Jézéquel","France",2,1,"2001-07-01","2001-07-01","🇫🇷"
"792","Futaba Kioka","Japan",2,0,"1996-07-21","1996-07-21","🇯🇵"
"793","Féli Delacauw","Belgium",2,0,"2024-04-09","2024-04-09","🇧🇪"
"794","Griedge Mbock Bathy","France",2,0,"2022-07-14","2022-07-14","🇫🇷"
"795","Han Duan","China PR",2,0,"2008-08-06","2008-08-06","🇨🇳"
"796","Hanna Marklund","Sweden",2,0,"2004-08-17","2004-08-17","🇸🇪"
"797","Hannah Eurlings","Belgium",2,0,"2025-07-07","2025-07-07","🇧🇪"
"798","Heidi Kackur","Finland",2,0,"2005-06-11","2005-06-11","🇫🇮"
"799","Heidi Sevdal","Faroe Islands",2,0,"2024-07-12","2024-07-12","🇫🇴"
"800","Helen Stoumbos","Canada",2,0,"1995-06-06","1995-06-06","🇨🇦"
"801","Hikaru Naomoto","Japan",2,0,"2023-07-26","2023-07-26","🇯🇵"
"802","Hildur Antonsdóttir","Iceland",2,0,"2024-06-04","2024-06-04","🇮🇸"
"803","Ingrid Johansson","Sweden",2,0,"1991-11-17","1991-11-17","🇸🇪"
"804","Irina Khaburdzania","Georgia",2,0,"2024-05-31","2024-05-31","🇬🇪"
"805","Iuliana Colnic","Moldova",2,0,"2024-06-04","2024-06-04","🇲🇩"
"806","Izabela Lojna","Croatia",2,1,"2024-04-09","2024-10-25","🇭🇷"
"807","Jackie Sherrard","England",2,0,"1987-06-11","1987-06-11","🇬🇧"
"808","Jeon Ga-eul","South Korea",2,0,"2015-06-13","2015-06-13","🇰🇷"
"809","Jessica Clarke","England",2,0,"2011-07-01","2011-07-01","🇬🇧"
"810","Jessica Fishlock","Wales",2,0,"2024-10-29","2024-10-29","🇬🇧"
"811","Ji So-yun","South Korea",2,1,"2015-06-13","2015-06-13","🇰🇷"
"812","Joely Andrews","Northern Ireland",2,0,"2024-07-16","2024-07-16","🇬🇧"
"813","Jonelle Filigno","Canada",2,0,"2012-08-03","2012-08-03","🇨🇦"
"814","Jonna Andersson","United States",2,0,"2019-06-20","2019-06-20","🇺🇸"
"815","Josephine Henning","Germany",2,0,"2017-07-21","2017-07-21","🇩🇪"
"816","Josée Nahi","Ivory Coast",2,0,"2015-06-11","2015-06-11","❓"
"817","Julia Stierli","Norway",2,0,"2025-07-02","2025-07-02","🇳🇴"
"818","Julie Ertz","Japan",2,0,"2015-07-05","2015-07-05","🇯🇵"
"819","Julie Murray","Australia",2,0,"1999-06-20","1999-06-23","🇦🇺"
"820","Karin Stevens","Netherlands",2,0,"2009-08-23","2009-08-23","🇳🇱"
"821","Karla Villalobos","Costa Rica",2,0,"2015-06-13","2015-06-13","🇨🇷"
"822","Kateryna Korsun","Ukraine",2,0,"2024-07-16","2024-07-16","🇺🇦"
"823","Katharina Naschenweng","Austria",2,0,"2022-07-11","2022-07-11","🇦🇹"
"824","Katharina Schiechtl","Austria",2,0,"2022-07-11","2022-07-11","🇦🇹"
"825","Katrine Pedersen","Denmark",2,0,"2007-09-15","2007-09-15","🇩🇰"
"826","Kelley O'Hara","United States",2,0,"2015-06-30","2015-06-30","🇺🇸"
"827","Kerry Beattie","Northern Ireland",2,0,"2024-07-12","2024-07-12","🇬🇧"
"828","Kika Nazareth","Portugal",2,0,"2024-06-04","2024-06-04","🇵🇹"
"829","Kil Son-hui","North Korea",2,0,"2007-09-11","2007-09-11","🇰🇵"
"830","Kim Do-yeon","Nigeria",2,0,"2019-06-12","2019-06-12","🇳🇬"
"831","Kim Soo-yun","South Korea",2,0,"2015-06-17","2015-06-17","🇰🇷"
"832","Kim Yong-ae","North Korea",2,0,"2007-09-11","2007-09-11","🇰🇵"
"833","Kirsty Yallop","New Zealand",2,0,"2008-08-06","2008-08-06","🇳🇿"
"834","Korbin Albert","United States",2,0,"2024-07-31","2024-07-31","🇺🇸"
"835","Kristina Maksuti","Albania",2,0,"2024-04-09","2024-04-09","🇦🇱"
"836","Kristína Košíková","Slovakia",2,0,"2024-07-16","2024-07-16","🇸🇰"
"837","Ksenia Tsybutovich","Russia",2,0,"2009-08-28","2009-08-28","🇷🇺"
"838","Lara Dickenmann","Switzerland",2,0,"2017-07-22","2017-07-22","🇨🇭"
"839","Laura Bassett","England",2,0,"2013-07-12","2013-07-12","🇬🇧"
"840","Laura Bassett","Japan",2,0,"2015-07-01","2015-07-01","🇯🇵"
"841","Lauren Colthorpe","Australia",2,0,"2007-09-23","2007-09-23","🇦🇺"
"842","Lene Terp","Denmark",2,0,"1997-07-03","1997-07-03","🇩🇰"
"843","Leni Larsen Kaurin","Norway",2,0,"2008-08-06","2008-08-06","🇳🇴"
"844","Lin Mei-chun","Taiwan",2,0,"1991-11-21","1991-11-21","🇹🇼"
"845","Linda Motlhalo","South Africa",2,0,"2023-07-28","2023-07-28","🇿🇦"
"846","Linda Sembrant","Germany",2,0,"2016-08-19","2016-08-19","🇩🇪"
"847","Lisbet Kolding","Denmark",2,0,"1991-11-19","1991-11-19","🇩🇰"
"848","Louise Waller","Germany",2,0,"1995-02-23","1995-02-23","🇩🇪"
"849","Maiken Pape","Denmark",2,0,"2009-08-26","2009-08-26","🇩🇰"
"850","Manon Melis","Netherlands",2,0,"2009-08-29","2009-08-29","🇳🇱"
"851","Manuela Paví","Colombia",2,0,"2024-07-25","2024-07-25","🇨🇴"
"852","Manuela Vanegas","Colombia",2,0,"2023-07-30","2023-07-30","🇨🇴"
"853","Marcela Restrepo","Colombia",2,0,"2024-07-28","2024-07-28","🇨🇴"
"854","Margunn Haugenes","Norway",2,0,"2000-09-20","2000-09-20","🇳🇴"
"855","Maria Farrugia","Malta",2,0,"2024-06-04","2024-07-16","🇲🇹"
"856","Mariam Toloba","Belgium",2,0,"2024-12-03","2024-12-03","🇧🇪"
"857","Mariann Gajhede Knudsen","Denmark",2,0,"2013-07-10","2013-07-25","🇩🇰"
"858","Mary McAteer","Wales",2,0,"2024-07-16","2024-07-16","🇬🇧"
"859","María José Urrutia","Chile",2,0,"2019-06-20","2019-06-20","🇨🇱"
"860","Maura Furlotti","Denmark",2,0,"1991-07-14","1991-07-14","🇩🇰"
"861","Mayra Ramírez","Colombia",2,0,"2024-08-03","2024-08-03","🇨🇴"
"862","Megan Connolly","Canada",2,0,"2023-07-26","2023-07-26","🇨🇦"
"863","Mia Brogaard","Denmark",2,0,"2013-07-13","2013-07-16","🇩🇰"
"864","Miray Cin","Turkey",2,0,"2024-04-09","2024-04-09","🇹🇷"
"865","Momoko Tanikawa","Japan",2,0,"2024-07-28","2024-07-28","🇯🇵"
"866","Monika Meyer","Germany",2,0,"1997-07-06","1997-07-06","🇩🇪"
"867","Natalia Kuikka","Finland",2,0,"2024-12-03","2024-12-03","🇫🇮"
"868","Natasha Kai","United States",2,0,"2008-08-15","2008-08-15","🇺🇸"
"869","Nia Künzer","Germany",2,0,"2003-10-12","2003-10-12","🇩🇪"
"870","Nichelle Prince","Canada",2,0,"2019-06-15","2019-06-15","🇨🇦"
"871","Nicole Kozlova","Ukraine",2,0,"2024-06-04","2024-06-04","🇺🇦"
"872","Noa Selimhodzic","Israel",2,0,"2024-07-16","2024-07-16","🇮🇱"
"873","Olesya Kurochkina","Russia",2,0,"2009-08-28","2009-08-28","🇷🇺"
"874","Olga Ševcova","Latvia",2,0,"2024-07-12","2024-07-12","🇱🇻"
"875","Paola Zanni","Italy",2,0,"1999-06-27","1999-06-27","🇮🇹"
"876","Patrícia Hmírová","Slovakia",2,0,"2024-04-05","2024-04-05","🇸🇰"
"877","Polina Rasina","Bulgaria",2,0,"2024-04-09","2024-04-09","🇧🇬"
"878","Pu Wei","China PR",2,0,"1999-06-30","1999-06-30","🇨🇳"
"879","Rachel Van Hollebeke","United States",2,0,"2011-06-28","2011-06-28","🇺🇸"
"880","Rachel Yankey","England",2,0,"2011-07-05","2011-07-05","🇬🇧"
"881","Raffaella Salmaso","Italy",2,0,"1991-11-24","1991-11-24","🇮🇹"
"882","Rahel Kiwic","Switzerland",2,0,"2022-07-09","2022-07-09","🇨🇭"
"883","Rebekah Stott","New Zealand",2,0,"2015-06-15","2015-06-15","🇳🇿"
"884","Romina Núñez","Argentina",2,0,"2023-07-28","2023-07-28","🇦🇷"
"885","Rosa Kafaji","Sweden",2,0,"2024-11-28","2024-11-28","🇸🇪"
"886","Roseli","Brazil",2,0,"1996-07-28","1996-07-28","🇧🇷"
"887","Roseli de Belo","Brazil",2,0,"1995-06-05","1995-06-09","🇧🇷"
"888","Saki Kumagai","Japan",2,1,"2024-07-28","2024-07-28","🇯🇵"
"889","Sandy Baltimore","France",2,0,"2025-07-05","2025-07-05","🇫🇷"
"890","Saori Ariyoshi","Japan",2,0,"2015-06-23","2015-06-23","🇯🇵"
"891","Sara Larsson","Sweden",2,0,"2004-08-20","2004-08-20","🇸🇪"
"892","Sari Kees","Belgium",2,0,"2024-04-09","2024-04-09","🇧🇪"
"893","Saskia Bartusiak","Germany",2,0,"2016-08-06","2016-08-06","🇩🇪"
"894","Selma Bacha","Netherlands",2,0,"2025-07-13","2025-07-13","🇳🇱"
"895","Seraina Piubel","Switzerland",2,0,"2023-07-21","2023-07-21","🇨🇭"
"896","Shira Elinav","Israel",2,0,"2024-07-16","2024-07-16","🇮🇱"
"897","Sophia Braun","Argentina",2,0,"2023-07-28","2023-07-28","🇦🇷"
"898","Stephany Mayor","Mexico",2,0,"2011-07-05","2011-07-05","🇲🇽"
"899","Susanne Hedberg","Sweden",2,0,"1991-11-21","1991-11-21","🇸🇪"
"900","Sydney Leroux","United States",2,0,"2012-08-03","2012-08-03","🇺🇸"
"901","Sydney Schertenleib","Switzerland",2,0,"2024-07-12","2024-07-12","🇨🇭"
"902","Sylvia Smit","Netherlands",2,0,"2009-08-29","2009-08-29","🇳🇱"
"903","Tameka Yallop","Australia",2,0,"2021-07-21","2021-07-21","🇦🇺"
"904","Tan Ruyin","China PR",2,0,"2016-08-06","2016-08-06","🇨🇳"
"905","Tatiana Zorri","Italy",2,0,"2009-08-31","2009-08-31","🇮🇹"
"906","Theresa Nielsen","Denmark",2,0,"2017-07-30","2017-07-30","🇩🇰"
"907","Tone Haugen","Norway",2,0,"1995-06-08","1995-06-08","🇳🇴"
"908","Ugnė Lazdauskaitė","Lithuania",2,0,"2024-04-05","2024-04-05","🇱🇹"
"909","Vesna Milivojević","Serbia",2,0,"2024-10-25","2024-10-25","🇷🇸"
"910","Viktoriya Valiuk","Belarus",2,0,"2024-07-12","2024-07-12","🇧🇾"
"911","Violeta Slović","Serbia",2,0,"2024-05-31","2024-05-31","🇷🇸"
"912","Vital Kats","Israel",2,0,"2024-04-09","2024-04-09","🇮🇱"
"913","Wang Yanwen","China PR",2,0,"2021-07-27","2021-07-27","🇨🇳"
"914","Waraporn Boonsing","Chile",2,0,"2019-06-20","2019-06-20","🇨🇱"
"915","Xie Caixia","China PR",2,0,"2007-09-20","2007-09-20","🇨🇳"
"916","Yana Kalinina","Ukraine",2,0,"2024-06-04","2024-06-04","🇺🇦"
"917","Yuki Nagasato","Japan",2,0,"2008-08-15","2008-08-15","🇯🇵"
"918","Zala Kuštrin","Slovenia",2,0,"2024-04-05","2024-04-05","🇸🇮"
"919","Ángeles Parejo","Spain",2,0,"1997-07-05","1997-07-09","🇪🇸"
"920","Élisa De Almeida","France",2,0,"2024-05-31","2024-05-31","🇫🇷"
"921","Alexandra Svetlitskaya","Russia",1,0,"2001-06-24","2001-06-24","🇷🇺"
"922","Allyson Swaby","Jamaica",1,0,"2023-07-29","2023-07-29","🇯🇲"
"923","Ana Maria Stanciu","Romania",1,0,"2024-10-29","2024-10-29","🇷🇴"
"924","Andressa Alves da Silva","Brazil",1,0,"2015-06-13","2015-06-13","🇧🇷"
"925","Angela Banks","England",1,0,"2001-06-24","2001-06-24","🇬🇧"
"926","Angie Ponce","Ecuador",1,1,"2015-06-12","2015-06-12","🇪🇨"
"927","Anissa Lahmari","Morocco",1,0,"2023-08-03","2023-08-03","🇲🇦"
"928","Anita Amankwa","Ghana",1,0,"2007-09-12","2007-09-12","🇬🇭"
"929","Anna Matsoukari","Cyprus",1,0,"2024-07-12","2024-07-12","🇨🇾"
"930","Anna Sjöström","Sweden",1,0,"2005-06-11","2005-06-11","🇸🇪"
"931","Anne Nymark Andersen","Norway",1,0,"1993-06-29","1993-06-29","🇳🇴"
"932","Annette Thychosen","Denmark",1,1,"1991-11-21","1991-11-21","🇩🇰"
"933","Antonella Carta","Italy",1,0,"1997-06-30","1997-06-30","🇮🇹"
"934","Ashley Lawrence","Canada",1,0,"2015-06-15","2015-06-15","🇨🇦"
"935","Aurelle Awona","New Zealand",1,0,"2019-06-20","2019-06-20","🇳🇿"
"936","Berglind Björg Þorvaldsdóttir","Iceland",1,0,"2022-07-10","2022-07-10","🇮🇸"
"937","Betsy Hassett","New Zealand",1,0,"2021-07-24","2021-07-24","🇳🇿"
"938","Carla Overbeck","Sweden",1,0,"1996-07-23","1996-07-23","🇸🇪"
"939","Claudia Chiper","Moldova",1,0,"2024-07-16","2024-07-16","🇲🇩"
"940","Cynthia Uwak","Nigeria",1,0,"2007-09-11","2007-09-11","🇳🇬"
"941","Daniela Montoya","Colombia",1,0,"2015-06-09","2015-06-09","🇨🇴"
"942","Debbie Bampton","England",1,0,"1984-04-28","1984-04-28","🇬🇧"
"943","Diana Matheson","Canada",1,0,"2012-08-09","2012-08-09","🇨🇦"
"944","Diána Csányi","Hungary",1,0,"2024-04-09","2024-04-09","🇭🇺"
"945","Dominika Grabowska","Poland",1,0,"2024-06-04","2024-06-04","🇵🇱"
"946","Dóra Zeller","Hungary",1,0,"2024-05-31","2024-05-31","🇭🇺"
"947","Ebru Topçu","Turkey",1,1,"2024-05-31","2024-05-31","🇹🇷"
"948","Elane Rego dos Santos","Brazil",1,0,"1991-11-17","1991-11-17","🇧🇷"
"949","Elena Terekhova","Russia",1,0,"2013-07-18","2013-07-18","🇷🇺"
"950","Elisabetta Oliviero","Italy",1,0,"2025-07-11","2025-07-11","🇮🇹"
"951","Elise Kellond-Knight","Australia",1,0,"2019-06-22","2019-06-22","🇦🇺"
"952","Elise Thorsnes","Norway",1,0,"2011-07-06","2011-07-06","🇳🇴"
"953","Eliška Sonntagová","Czech Republic",1,0,"2024-04-09","2024-04-09","❓"
"954","Ellyse Perry","Australia",1,0,"2011-07-10","2011-07-10","🇦🇺"
"955","Emilie Haavi","Norway",1,0,"2011-06-29","2011-06-29","🇳🇴"
"956","Emma Koivisto","Finland",1,0,"2024-07-12","2024-07-12","🇫🇮"
"957","Emma Kremer","Luxembourg",1,0,"2024-06-04","2024-06-04","🇱🇺"
"958","Emmaculate Msipa","Zimbabwe",1,0,"2016-08-09","2016-08-09","🇿🇼"
"959","Erica Gonçalves","Andorra",1,0,"2024-06-04","2024-06-04","🇦🇩"
"960","Eva González","Argentina",1,0,"2007-09-17","2007-09-17","🇦🇷"
"961","Ewelina Kamczyk","Poland",1,0,"2024-04-09","2024-04-09","🇵🇱"
"962","Fabiola Ibarra","Mexico",1,0,"2015-06-13","2015-06-13","🇲🇽"
"963","Fanndís Friðriksdóttir","Iceland",1,0,"2017-07-22","2017-07-22","🇮🇸"
"964","Faye White","England",1,0,"2009-08-31","2009-08-31","🇬🇧"
"965","Gabi Nunes","Brazil",1,0,"2024-07-25","2024-07-25","🇧🇷"
"966","Gabi Rennie","New Zealand",1,0,"2021-07-21","2021-07-21","🇳🇿"
"967","Galina Komarova","Russia",1,0,"1999-06-20","1999-06-20","🇷🇺"
"968","Guro Knutsen","Norway",1,0,"2008-08-12","2008-08-12","🇳🇴"
"969","Havana Solaun","Jamaica",1,0,"2019-06-18","2019-06-18","🇯🇲"
"970","Henrietta Csiszár","Hungary",1,0,"2024-04-05","2024-04-05","🇭🇺"
"971","Honoka Hayashi","Japan",1,0,"2023-08-11","2023-08-11","🇯🇵"
"972","Hólmfríður Magnúsdóttir","Iceland",1,0,"2009-08-24","2009-08-24","🇮🇸"
"973","Ibtissam Jraïdi","Morocco",1,0,"2023-07-30","2023-07-30","🇲🇦"
"974","Inge Hindkjær","Denmark",1,1,"1984-04-08","1984-04-08","🇩🇰"
"975","Ingvild Isaksen","Norway",1,0,"2013-07-17","2013-07-17","🇳🇴"
"976","Ioana Bălăceanu","Romania",1,0,"2024-10-25","2024-10-25","🇷🇴"
"977","Isabel Kerschowski","Germany",1,0,"2017-07-30","2017-07-30","🇩🇪"
"978","Isabel Parejo","Spain",1,0,"1997-06-29","1997-06-29","🇪🇸"
"979","Isabell Bachor","Germany",1,0,"2004-08-23","2004-08-23","🇩🇪"
"980","Izabela Lojna","Northern Ireland",1,0,"2024-10-25","2024-10-25","🇬🇧"
"981","Jackie Groenen","Netherlands",1,0,"2019-07-03","2019-07-03","🇳🇱"
"982","Janni Johansen","Denmark",1,0,"1999-06-24","1999-06-24","🇩🇰"
"983","Jassina Blom","Belgium",1,0,"2024-06-04","2024-06-04","🇧🇪"
"984","Jennifer Echegini","Nigeria",1,0,"2024-07-31","2024-07-31","🇳🇬"
"985","Jessica Landström","Sweden",1,0,"2011-06-28","2011-06-28","🇸🇪"
"986","Jheniffer","Brazil",1,0,"2024-07-28","2024-07-28","🇧🇷"
"987","Ji Ting","China PR",1,0,"2004-08-14","2004-08-14","🇨🇳"
"988","Joanne Peters","Australia",1,0,"2004-08-17","2004-08-17","🇦🇺"
"989","Jonna Andersson","Sweden",1,0,"2022-07-09","2022-07-09","🇸🇪"
"990","Josefine Rybrink","Sweden",1,0,"2024-07-12","2024-07-12","🇸🇪"
"991","Josée Bélanger","Canada",1,0,"2015-06-21","2015-06-21","🇨🇦"
"992","Julie Nelson","Northern Ireland",1,0,"2022-07-07","2022-07-07","🇬🇧"
"993","Julie Rydahl Bukh","Denmark",1,0,"2001-06-25","2001-06-25","🇩🇰"
"994","Kadeisha Buchanan","Canada",1,0,"2019-06-10","2019-06-10","🇨🇦"
"995","Kairi Himanen","Estonia",1,0,"2024-05-31","2024-05-31","🇪🇪"
"996","Kamila Kulmagambetova","Kazakhstan",1,0,"2024-05-31","2024-05-31","🇰🇿"
"997","Kanjana Sungngoen","Thailand",1,0,"2019-06-16","2019-06-16","🇹🇭"
"998","Karen Araya","Chile",1,1,"2021-07-24","2021-07-24","🇨🇱"
"999","Karina Maruyama","Japan",1,0,"2011-07-09","2011-07-09","🇯🇵"
"1000","Karólína Lea Vilhjálmsdóttir","Iceland",1,0,"2022-07-14","2022-07-14","🇮🇸"
"1001","Katariina Kosola","Finland",1,0,"2025-07-02","2025-07-02","🇫🇮"
"1002","Kate Taylor","New Zealand",1,0,"2024-07-31","2024-07-31","🇳🇿"
"1003","Katrine Veje","Denmark",1,0,"2017-07-24","2017-07-24","🇩🇰"
"1004","Keira Walsh","England",1,0,"2025-07-05","2025-07-05","🇬🇧"
"1005","Kelly Golebiowski","Australia",1,0,"2003-09-21","2003-09-21","🇦🇺"
"1006","Kim Jin-hee","South Korea",1,0,"2003-09-27","2003-09-27","🇰🇷"
"1007","Kim Nye","New Zealand",1,0,"1991-11-21","1991-11-21","🇳🇿"
"1008","Kristina Teern","Estonia",1,0,"2024-07-16","2024-07-16","🇪🇪"
"1009","Kristine Wigdahl Hegland","Norway",1,0,"2013-07-11","2013-07-11","🇳🇴"
"1010","Kudakwashe Basopo","Zimbabwe",1,0,"2016-08-03","2016-08-03","🇿🇼"
"1011","Laia Codina","Switzerland",1,0,"2023-08-05","2023-08-05","🇨🇭"
"1012","Lana Clelland","Scotland",1,0,"2019-06-14","2019-06-14","🇬🇧"
"1013","Larissa Savina","Russia",1,0,"1997-06-29","1997-06-29","🇷🇺"
"1014","Laura Miller","Luxembourg",1,0,"2024-07-12","2024-07-12","🇱🇺"
"1015","Lene Madsen","Denmark",1,0,"1996-07-23","1996-07-23","🇩🇰"
"1016","Li Ying","China PR",1,0,"2019-06-13","2019-06-13","🇨🇳"
"1017","Lily Woodham","Wales",1,0,"2024-11-29","2024-11-29","🇬🇧"
"1018","Linda Fagerström","Sweden",1,0,"2001-06-30","2001-06-30","🇸🇪"
"1019","Lisa Casagrande","Australia",1,0,"1995-06-10","1995-06-10","🇦🇺"
"1020","Lisa Makas","Austria",1,0,"2017-07-22","2017-07-22","🇦🇹"
"1021","Lisette Tammik","Estonia",1,0,"2024-07-12","2024-07-12","🇪🇪"
"1022","Lucia Di Guglielmo","Italy",1,0,"2024-04-09","2024-04-09","🇮🇹"
"1023","Ludmila Manicler","Argentina",1,0,"2008-08-06","2008-08-06","🇦🇷"
"1024","Luçije Gjini","Albania",1,0,"2024-04-05","2024-04-05","🇦🇱"
"1025","Lyudmyla Pekur","Ukraine",1,0,"2009-08-29","2009-08-29","🇺🇦"
"1026","Mackenzie Barry","New Zealand",1,0,"2024-07-25","2024-07-25","🇳🇿"
"1027","Maija Saari","Finland",1,0,"2009-08-23","2009-08-23","🇫🇮"
"1028","Maiko Bebia","Georgia",1,0,"2024-07-16","2024-07-16","🇬🇪"
"1029","Maren Mjelde","Norway",1,0,"2015-06-11","2015-06-11","🇳🇴"
"1030","Margrét Lára Viðarsdóttir","Iceland",1,1,"2013-07-11","2013-07-11","🇮🇸"
"1031","Marija Milinković","Bosnia and Herzegovina",1,0,"2024-04-09","2024-04-09","❓"
"1032","Marit Fiane Christensen","Norway",1,0,"2013-07-25","2013-07-25","🇳🇴"
"1033","Marlous Pieëte","Netherlands",1,0,"2009-09-06","2009-09-06","🇳🇱"
"1034","Marta Cardona","Spain",1,0,"2022-07-16","2022-07-16","🇪🇸"
"1035","Martina Piemonte","Italy",1,0,"2022-07-10","2022-07-10","🇮🇹"
"1036","Mavis Chirandu","Zimbabwe",1,0,"2016-08-06","2016-08-06","🇿🇼"
"1037","Melvine Malard","France",1,0,"2022-07-18","2022-07-18","🇫🇷"
"1038","Merle Frohms","France",1,0,"2022-07-27","2022-07-27","🇫🇷"
"1039","Milda Liužinaitė","Lithuania",1,0,"2024-04-09","2024-04-09","🇱🇹"
"1040","Minna Mustonen","Finland",1,0,"2005-06-15","2005-06-15","🇫🇮"
"1041","Mónica Ocampo","Mexico",1,0,"2011-06-27","2011-06-27","🇲🇽"
"1042","Nadejda Colesnicenco","Latvia",1,0,"2024-04-09","2024-04-09","🇱🇻"
"1043","Nami Otake","Japan",1,0,"1999-06-19","1999-06-19","🇯🇵"
"1044","Nana Gyamfuah","Ghana",1,0,"1999-06-20","1999-06-20","🇬🇭"
"1045","Nazlican Parlak","Azerbaijan",1,0,"2024-10-25","2024-10-25","🇦🇿"
"1046","Nelli Korovkina","Russia",1,0,"2013-07-15","2013-07-15","🇷🇺"
"1047","Nichelle Prince","Great Britain",1,0,"2021-07-27","2021-07-27","❓"
"1048","Nicole Billa","Austria",1,0,"2022-07-15","2022-07-15","🇦🇹"
"1049","Nigar Mirzaliyeva","Azerbaijan",1,0,"2024-06-04","2024-06-04","🇦🇿"
"1050","Olivia Clark","Republic of Ireland",1,0,"2024-11-29","2024-11-29","🇮🇪"
"1051","Oona Sevenius","Finland",1,0,"2025-07-06","2025-07-06","🇫🇮"
"1052","Portia Modise","South Africa",1,0,"2012-07-25","2012-07-25","🇿🇦"
"1053","Raquel Fernandes","Brazil",1,0,"2015-06-17","2015-06-17","🇧🇷"
"1054","Raquel Rodríguez","Costa Rica",1,0,"2015-06-09","2015-06-09","🇨🇷"
"1055","Ri Un-suk","North Korea",1,0,"2007-09-18","2007-09-18","🇰🇵"
"1056","Sara Di Filippo","Italy",1,0,"2005-06-06","2005-06-06","🇮🇹"
"1057","Sarina Bolden","Philippines",1,0,"2023-07-25","2023-07-25","🇵🇭"
"1058","Sevinj Jafarzade","Azerbaijan",1,1,"2024-04-05","2024-04-05","🇦🇿"
"1059","Simona Petkova","Bulgaria",1,0,"2024-04-05","2024-04-05","🇧🇬"
"1060","Siri Nordby","Norway",1,1,"2008-08-15","2008-08-15","🇳🇴"
"1061","Sophie Howard","Scotland",1,0,"2024-04-09","2024-04-09","🇬🇧"
"1062","Talia Sommer","Israel",1,0,"2024-05-31","2024-05-31","🇮🇱"
"1063","Tatev Khachatryan","Armenia",1,0,"2024-07-16","2024-07-16","🇦🇲"
"1064","Teresa Morató","Andorra",1,0,"2024-04-05","2024-04-05","🇦🇩"
"1065","Thaisa","Brazil",1,0,"2019-06-23","2019-06-23","🇧🇷"
"1066","Tina Nordlund","Sweden",1,0,"2001-07-04","2001-07-04","🇸🇪"
"1067","Tina Wunderlich","Norway",1,0,"2000-09-24","2000-09-24","🇳🇴"
"1068","Ulza Maksuti","North Macedonia",1,0,"2024-05-31","2024-05-31","🇲🇰"
"1069","Valentina Bergamaschi","Italy",1,0,"2022-07-14","2022-07-14","🇮🇹"
"1070","Vera Okolo","Nigeria",1,0,"2004-08-14","2004-08-14","🇳🇬"
"1071","Veronika Andrukhiv","Ukraine",1,0,"2024-05-31","2024-05-31","🇺🇦"
"1072","Verónica Pérez","Mexico",1,0,"2015-06-09","2015-06-09","🇲🇽"
"1073","Wendie Renard","Norway",1,0,"2019-06-12","2019-06-12","🇳🇴"
"1074","Yanina Gaitán","Argentina",1,0,"2003-09-27","2003-09-27","🇦🇷"
"1075","Yeo Min-ji","South Korea",1,0,"2019-06-17","2019-06-17","🇰🇷"
"1076","Yui Hasegawa","Japan",1,0,"2019-06-25","2019-06-25","🇯🇵"
"1077","Ève Périsset","France",1,1,"2022-07-23","2022-07-23","🇫🇷"
"1078","Élise Bussaglia","France",1,0,"2011-07-09","2011-07-09","🇫🇷"
"1079",NA,NA,NA,NA,"1956-09-23","2025-11-01",NA
